K,Bytes,AvgTimeMs
# Client started: Wed Jan 28 01:08:00 MSK 2026
# Parameters: N=1024, M=5000, Q=10
0,8,11
1,1032,9
2,2056,8
3,3080,10
4,4104,10
5,5128,9
6,6152,11
7,7176,38
8,8200,8
9,9224,8
10,10248,9
11,11272,10
12,12296,10
13,13320,9
14,14344,11
15,15368,18
16,16392,17
17,17416,15
18,18440,20
19,19464,15
20,20488,17
21,21512,21
22,22536,17
23,23560,21
24,24584,20
25,25608,16
26,26632,20
27,27656,19
28,28680,18
29,29704,17
30,30728,19
31,31752,18
32,32776,18
33,33800,17
34,34824,19
35,35848,18
36,36872,18
37,37896,17
38,38920,20
39,39944,19
40,40968,20
41,41992,21
42,43016,23
43,44040,19
44,45064,26
45,46088,27
46,47112,24
47,48136,24
48,49160,26
49,50184,24
50,51208,28
51,52232,25
52,53256,23
53,54280,24
54,55304,31
55,56328,22
56,57352,26
57,58376,27
58,59400,28
59,60424,24
60,61448,31
61,62472,28
62,63496,29
63,64520,29
64,65544,23
65,66568,24
66,67592,25
67,68616,27
68,69640,26
69,70664,30
70,71688,26
71,72712,27
72,73736,33
73,74760,26
74,75784,25
75,76808,27
76,77832,26
77,78856,28
78,79880,27
79,80904,28
80,81928,29
81,82952,25
82,83976,31
83,85000,27
84,86024,27
85,87048,26
86,88072,28
87,89096,27
88,90120,29
89,91144,27
90,92168,31
91,93192,31
92,94216,24
93,95240,28
94,96264,29
95,97288,36
96,98312,30
97,99336,27
98,100360,34
99,101384,30
100,102408,31
101,103432,33
102,104456,31
103,105480,34
104,106504,32
105,107528,33
106,108552,32
107,109576,33
108,110600,33
109,111624,40
110,112648,31
111,113672,31
112,114696,33
113,115720,35
114,116744,32
115,117768,32
116,118792,54
117,119816,36
118,120840,33
119,121864,34
120,122888,31
121,123912,34
122,124936,32
123,125960,30
124,126984,32
125,128008,39
126,129032,35
127,130056,39
128,131080,39
129,132104,32
130,133128,31
131,134152,33
132,135176,34
133,136200,31
134,137224,32
135,138248,35
136,139272,31
137,140296,35
138,141320,36
139,142344,35
140,143368,38
141,144392,38
142,145416,31
143,146440,36
144,147464,35
145,148488,40
146,149512,39
147,150536,34
148,151560,37
149,152584,36
150,153608,35
151,154632,33
152,155656,35
153,156680,34
154,157704,39
155,158728,36
156,159752,35
157,160776,35
158,161800,34
159,162824,37
160,163848,34
161,164872,40
162,165896,39
163,166920,35
164,167944,36
165,168968,36
166,169992,39
167,171016,36
168,172040,50
169,173064,38
170,174088,40
171,175112,40
172,176136,38
173,177160,34
174,178184,40
175,179208,36
176,180232,37
177,181256,34
178,182280,36
179,183304,35
180,184328,33
181,185352,35
182,186376,37
183,187400,34
184,188424,35
185,189448,32
186,190472,31
187,191496,35
188,192520,36
189,193544,35
190,194568,37
191,195592,37
192,196616,35
193,197640,37
194,198664,37
195,199688,39
196,200712,34
197,201736,37
198,202760,36
199,203784,36
200,204808,36
201,205832,35
202,206856,37
203,207880,36
204,208904,36
205,209928,37
206,210952,37
207,211976,40
208,213000,35
209,214024,39
210,215048,35
211,216072,37
212,217096,43
213,218120,37
214,219144,38
215,220168,35
216,221192,44
217,222216,39
218,223240,35
219,224264,36
220,225288,60
221,226312,41
222,227336,41
223,228360,38
224,229384,42
225,230408,46
226,231432,38
227,232456,37
228,233480,39
229,234504,35
230,235528,38
231,236552,40
232,237576,46
233,238600,42
234,239624,45
235,240648,40
236,241672,42
237,242696,39
238,243720,40
239,244744,44
240,245768,39
241,246792,42
242,247816,42
243,248840,44
244,249864,43
245,250888,46
246,251912,46
247,252936,41
248,253960,44
249,254984,36
250,256008,42
251,257032,45
252,258056,42
253,259080,42
254,260104,44
255,261128,41
256,262152,42
257,263176,44
258,264200,42
259,265224,47
260,266248,42
261,267272,46
262,268296,39
263,269320,42
264,270344,46
265,271368,40
266,272392,42
267,273416,42
268,274440,42
269,275464,45
270,276488,45
271,277512,41
272,278536,43
273,279560,44
274,280584,40
275,281608,44
276,282632,50
277,283656,47
278,284680,44
279,285704,46
280,286728,45
281,287752,44
282,288776,39
283,289800,41
284,290824,44
285,291848,48
286,292872,42
287,293896,42
288,294920,45
289,295944,43
290,296968,43
291,297992,49
292,299016,41
293,300040,43
294,301064,50
295,302088,50
296,303112,45
297,304136,47
298,305160,43
299,306184,51
300,307208,46
301,308232,47
302,309256,42
303,310280,40
304,311304,44
305,312328,42
306,313352,43
307,314376,49
308,315400,45
309,316424,47
310,317448,47
311,318472,44
312,319496,45
313,320520,46
314,321544,53
315,322568,68
316,323592,45
317,324616,42
318,325640,47
319,326664,46
320,327688,44
321,328712,42
322,329736,45
323,330760,43
324,331784,48
325,332808,43
326,333832,53
327,334856,52
328,335880,46
329,336904,45
330,337928,44
331,338952,47
332,339976,76
333,341000,50
334,342024,47
335,343048,43
336,344072,46
337,345096,51
338,346120,54
339,347144,45
340,348168,45
341,349192,46
342,350216,44
343,351240,47
344,352264,47
345,353288,46
346,354312,45
347,355336,50
348,356360,47
349,357384,48
350,358408,49
351,359432,47
352,360456,49
353,361480,49
354,362504,46
355,363528,47
356,364552,50
357,365576,47
358,366600,44
359,367624,46
360,368648,50
361,369672,48
362,370696,46
363,371720,47
364,372744,46
365,373768,45
366,374792,44
367,375816,48
368,376840,52
369,377864,51
370,378888,46
371,379912,49
372,380936,50
373,381960,48
374,382984,47
375,384008,47
376,385032,47
377,386056,75
378,387080,50
379,388104,45
380,389128,53
381,390152,47
382,391176,49
383,392200,81
384,393224,54
385,394248,62
386,395272,56
387,396296,75
388,397320,52
389,398344,48
390,399368,50
391,400392,43
392,401416,56
393,402440,47
394,403464,46
395,404488,55
396,405512,46
397,406536,46
398,407560,49
399,408584,46
400,409608,50
401,410632,47
402,411656,47
403,412680,44
404,413704,47
405,414728,46
406,415752,46
407,416776,47
408,417800,45
409,418824,48
410,419848,45
411,420872,50
412,421896,58
413,422920,52
414,423944,47
415,424968,48
416,425992,52
417,427016,52
418,428040,51
419,429064,52
420,430088,56
421,431112,46
422,432136,51
423,433160,50
424,434184,47
425,435208,50
426,436232,50
427,437256,57
428,438280,52
429,439304,55
430,440328,56
431,441352,50
432,442376,50
433,443400,47
434,444424,46
435,445448,47
436,446472,52
437,447496,47
438,448520,48
439,449544,47
440,450568,50
441,451592,48
442,452616,57
443,453640,47
444,454664,50
445,455688,53
446,456712,50
447,457736,45
448,458760,47
449,459784,50
450,460808,47
451,461832,56
452,462856,53
453,463880,48
454,464904,51
455,465928,47
456,466952,54
457,467976,53
458,469000,52
459,470024,54
460,471048,53
461,472072,50
462,473096,54
463,474120,58
464,475144,50
465,476168,52
466,477192,48
467,478216,51
468,479240,47
469,480264,51
470,481288,50
471,482312,54
472,483336,50
473,484360,59
474,485384,48
475,486408,46
476,487432,50
477,488456,48
478,489480,52
479,490504,51
480,491528,53
481,492552,58
482,493576,58
483,494600,58
484,495624,53
485,496648,59
486,497672,55
487,498696,52
488,499720,52
489,500744,50
490,501768,55
491,502792,52
492,503816,49
493,504840,50
494,505864,55
495,506888,51
496,507912,54
497,508936,56
498,509960,54
499,510984,57
500,512008,56
501,513032,59
502,514056,52
503,515080,52
504,516104,53
505,517128,51
506,518152,51
507,519176,58
508,520200,56
509,521224,49
510,522248,53
511,523272,53
512,524296,53
513,525320,52
514,526344,55
515,527368,52
516,528392,61
517,529416,53
518,530440,52
519,531464,61
520,532488,59
521,533512,50
522,534536,56
523,535560,51
524,536584,57
525,537608,52
526,538632,60
527,539656,56
528,540680,51
529,541704,56
530,542728,52
531,543752,56
532,544776,58
533,545800,52
534,546824,55
535,547848,51
536,548872,56
537,549896,50
538,550920,58
539,551944,52
540,552968,53
541,553992,61
542,555016,57
543,556040,53
544,557064,56
545,558088,58
546,559112,52
547,560136,58
548,561160,58
549,562184,58
550,563208,53
551,564232,54
552,565256,59
553,566280,61
554,567304,52
555,568328,59
556,569352,53
557,570376,53
558,571400,57
559,572424,56
560,573448,52
561,574472,53
562,575496,57
563,576520,60
564,577544,72
565,578568,51
566,579592,55
567,580616,54
568,581640,51
569,582664,52
570,583688,61
571,584712,51
572,585736,58
573,586760,56
574,587784,57
575,588808,57
576,589832,55
577,590856,56
578,591880,56
579,592904,49
580,593928,53
581,594952,58
582,595976,56
583,597000,54
584,598024,62
585,599048,58
586,600072,54
587,601096,58
588,602120,60
589,603144,58
590,604168,56
591,605192,53
592,606216,57
593,607240,53
594,608264,58
595,609288,54
596,610312,60
597,611336,57
598,612360,57
599,613384,58
600,614408,63
601,615432,55
602,616456,54
603,617480,55
604,618504,60
605,619528,62
606,620552,62
607,621576,59
608,622600,62
609,623624,55
610,624648,53
611,625672,59
612,626696,63
613,627720,56
614,628744,55
615,629768,57
616,630792,54
617,631816,55
618,632840,61
619,633864,57
620,634888,56
621,635912,53
622,636936,60
623,637960,59
624,638984,58
625,640008,55
626,641032,56
627,642056,57
628,643080,54
629,644104,54
630,645128,66
631,646152,58
632,647176,56
633,648200,59
634,649224,62
635,650248,56
636,651272,54
637,652296,75
638,653320,56
639,654344,55
640,655368,59
641,656392,62
642,657416,68
643,658440,59
644,659464,56
645,660488,63
646,661512,61
647,662536,61
648,663560,57
649,664584,64
650,665608,56
651,666632,57
652,667656,56
653,668680,54
654,669704,58
655,670728,55
656,671752,57
657,672776,56
658,673800,56
659,674824,58
660,675848,53
661,676872,55
662,677896,59
663,678920,53
664,679944,54
665,680968,53
666,681992,56
667,683016,56
668,684040,63
669,685064,57
670,686088,64
671,687112,59
672,688136,57
673,689160,65
674,690184,54
675,691208,63
676,692232,55
677,693256,57
678,694280,58
679,695304,57
680,696328,60
681,697352,56
682,698376,58
683,699400,61
684,700424,55
685,701448,59
686,702472,65
687,703496,58
688,704520,58
689,705544,57
690,706568,62
691,707592,56
692,708616,61
693,709640,60
694,710664,61
695,711688,59
696,712712,57
697,713736,60
698,714760,57
699,715784,55
700,716808,58
701,717832,59
702,718856,57
703,719880,62
704,720904,65
705,721928,59
706,722952,61
707,723976,62
708,725000,55
709,726024,55
710,727048,59
711,728072,59
712,729096,67
713,730120,63
714,731144,58
715,732168,63
716,733192,58
717,734216,121
718,735240,242
719,736264,98
720,737288,65
721,738312,71
722,739336,60
723,740360,59
724,741384,61
725,742408,66
726,743432,57
727,744456,60
728,745480,69
729,746504,65
730,747528,68
731,748552,64
732,749576,61
733,750600,62
734,751624,62
735,752648,59
736,753672,60
737,754696,70
738,755720,62
739,756744,74
740,757768,60
741,758792,57
742,759816,71
743,760840,67
744,761864,59
745,762888,61
746,763912,65
747,764936,62
748,765960,59
749,766984,58
750,768008,57
751,769032,62
752,770056,61
753,771080,58
754,772104,63
755,773128,59
756,774152,61
757,775176,58
758,776200,62
759,777224,62
760,778248,105
761,779272,77
762,780296,96
763,781320,68
764,782344,62
765,783368,62
766,784392,60
767,785416,58
768,786440,61
769,787464,66
770,788488,62
771,789512,56
772,790536,59
773,791560,61
774,792584,65
775,793608,62
776,794632,67
777,795656,57
778,796680,61
779,797704,62
780,798728,58
781,799752,68
782,800776,247
783,801800,197
784,802824,65
785,803848,61
786,804872,59
787,805896,91
788,806920,63
789,807944,66
790,808968,67
791,809992,68
792,811016,60
793,812040,61
794,813064,64
795,814088,66
796,815112,69
797,816136,78
798,817160,56
799,818184,59
800,819208,56
801,820232,61
802,821256,65
803,822280,75
804,823304,62
805,824328,67
806,825352,61
807,826376,57
808,827400,58
809,828424,60
810,829448,64
811,830472,69
812,831496,67
813,832520,66
814,833544,68
815,834568,60
816,835592,68
817,836616,59
818,837640,61
819,838664,64
820,839688,68
821,840712,74
822,841736,61
823,842760,57
824,843784,67
825,844808,60
826,845832,72
827,846856,61
828,847880,62
829,848904,69
830,849928,68
831,850952,73
832,851976,64
833,853000,63
834,854024,63
835,855048,61
836,856072,68
837,857096,66
838,858120,64
839,859144,58
840,860168,63
841,861192,65
842,862216,69
843,863240,68
844,864264,64
845,865288,64
846,866312,77
847,867336,62
848,868360,64
849,869384,61
850,870408,65
851,871432,57
852,872456,69
853,873480,62
854,874504,1780
855,875528,71
856,876552,71
857,877576,63
858,878600,63
859,879624,63
860,880648,70
861,881672,59
862,882696,67
863,883720,62
864,884744,62
865,885768,65
866,886792,75
867,887816,63
868,888840,61
869,889864,68
870,890888,63
871,891912,63
872,892936,64
873,893960,71
874,894984,67
875,896008,140
876,897032,301
877,898056,92
878,899080,61
879,900104,61
880,901128,63
881,902152,67
882,903176,68
883,904200,65
884,905224,72
885,906248,67
886,907272,66
887,908296,67
888,909320,69
889,910344,74
890,911368,62
891,912392,64
892,913416,64
893,914440,75
894,915464,69
895,916488,74
896,917512,63
897,918536,64
898,919560,68
899,920584,67
900,921608,67
901,922632,64
902,923656,60
903,924680,62
904,925704,62
905,926728,67
906,927752,66
907,928776,65
908,929800,67
909,930824,67
910,931848,59
911,932872,69
912,933896,59
913,934920,66
914,935944,67
915,936968,73
916,937992,64
917,939016,66
918,940040,65
919,941064,81
920,942088,285
921,943112,128
922,944136,70
923,945160,70
924,946184,70
925,947208,67
926,948232,64
927,949256,74
928,950280,62
929,951304,67
930,952328,77
931,953352,77
932,954376,70
933,955400,64
934,956424,70
935,957448,61
936,958472,75
937,959496,66
938,960520,64
939,961544,64
940,962568,71
941,963592,71
942,964616,88
943,965640,96
944,966664,103
945,967688,70
946,968712,69
947,969736,73
948,970760,70
949,971784,70
950,972808,68
951,973832,77
952,974856,72
953,975880,70
954,976904,69
955,977928,68
956,978952,71
957,979976,66
958,981000,72
959,982024,72
960,983048,69
961,984072,86
962,985096,328
963,986120,135
964,987144,67
965,988168,73
966,989192,74
967,990216,79
968,991240,75
969,992264,66
970,993288,69
971,994312,63
972,995336,73
973,996360,73
974,997384,67
975,998408,71
976,999432,71
977,1000456,71
978,1001480,67
979,1002504,82
980,1003528,69
981,1004552,71
982,1005576,65
983,1006600,69
984,1007624,71
985,1008648,68
986,1009672,68
987,1010696,75
988,1011720,66
989,1012744,65
990,1013768,79
991,1014792,81
992,1015816,72
993,1016840,69
994,1017864,67
995,1018888,66
996,1019912,68
997,1020936,73
998,1021960,73
999,1022984,83
1000,1024008,78
1001,1025032,76
1002,1026056,69
1003,1027080,84
1004,1028104,66
1005,1029128,76
1006,1030152,66
1007,1031176,62
1008,1032200,67
1009,1033224,70
1010,1034248,75
1011,1035272,98
1012,1036296,72
1013,1037320,77
1014,1038344,69
1015,1039368,84
1016,1040392,74
1017,1041416,75
1018,1042440,72
1019,1043464,70
1020,1044488,73
1021,1045512,69
1022,1046536,79
1023,1047560,73
1024,1048584,81
1025,1049608,70
1026,1050632,71
1027,1051656,74
1028,1052680,70
1029,1053704,70
1030,1054728,66
1031,1055752,68
1032,1056776,68
1033,1057800,73
1034,1058824,71
1035,1059848,71
1036,1060872,68
1037,1061896,72
1038,1062920,72
1039,1063944,73
1040,1064968,70
1041,1065992,73
1042,1067016,70
1043,1068040,78
1044,1069064,68
1045,1070088,66
1046,1071112,70
1047,1072136,74
1048,1073160,75
1049,1074184,75
1050,1075208,69
1051,1076232,76
1052,1077256,84
1053,1078280,77
1054,1079304,65
1055,1080328,73
1056,1081352,77
1057,1082376,82
1058,1083400,69
1059,1084424,82
1060,1085448,78
1061,1086472,70
1062,1087496,70
1063,1088520,76
1064,1089544,72
1065,1090568,71
1066,1091592,68
1067,1092616,78
1068,1093640,71
1069,1094664,69
1070,1095688,80
1071,1096712,77
1072,1097736,70
1073,1098760,77
1074,1099784,71
1075,1100808,77
1076,1101832,68
1077,1102856,69
1078,1103880,76
1079,1104904,76
1080,1105928,73
1081,1106952,68
1082,1107976,73
1083,1109000,70
1084,1110024,71
1085,1111048,75
1086,1112072,68
1087,1113096,71
1088,1114120,70
1089,1115144,84
1090,1116168,69
1091,1117192,68
1092,1118216,77
1093,1119240,76
1094,1120264,73
1095,1121288,65
1096,1122312,74
1097,1123336,67
1098,1124360,71
1099,1125384,67
1100,1126408,70
1101,1127432,67
1102,1128456,68
1103,1129480,65
1104,1130504,67
1105,1131528,70
1106,1132552,68
1107,1133576,68
1108,1134600,75
1109,1135624,72
1110,1136648,70
1111,1137672,78
1112,1138696,71
1113,1139720,72
1114,1140744,69
1115,1141768,77
1116,1142792,72
1117,1143816,72
1118,1144840,70
1119,1145864,72
1120,1146888,69
1121,1147912,71
1122,1148936,65
1123,1149960,69
1124,1150984,75
1125,1152008,72
1126,1153032,71
1127,1154056,77
1128,1155080,79
1129,1156104,73
1130,1157128,72
1131,1158152,71
1132,1159176,71
1133,1160200,74
1134,1161224,86
1135,1162248,79
1136,1163272,70
1137,1164296,72
1138,1165320,70
1139,1166344,69
1140,1167368,80
1141,1168392,70
1142,1169416,75
1143,1170440,74
1144,1171464,69
1145,1172488,70
1146,1173512,89
1147,1174536,72
1148,1175560,79
1149,1176584,80
1150,1177608,66
1151,1178632,64
1152,1179656,91
1153,1180680,77
1154,1181704,68
1155,1182728,82
1156,1183752,82
1157,1184776,71
1158,1185800,68
1159,1186824,74
1160,1187848,71
1161,1188872,67
1162,1189896,80
1163,1190920,79
1164,1191944,72
1165,1192968,71
1166,1193992,76
1167,1195016,69
1168,1196040,77
1169,1197064,67
1170,1198088,77
1171,1199112,72
1172,1200136,73
1173,1201160,65
1174,1202184,75
1175,1203208,74
1176,1204232,71
1177,1205256,72
1178,1206280,69
1179,1207304,75
1180,1208328,75
1181,1209352,83
1182,1210376,67
1183,1211400,65
1184,1212424,70
1185,1213448,75
1186,1214472,67
1187,1215496,71
1188,1216520,73
1189,1217544,73
1190,1218568,72
1191,1219592,85
1192,1220616,70
1193,1221640,75
1194,1222664,75
1195,1223688,110
1196,1224712,70
1197,1225736,70
1198,1226760,71
1199,1227784,74
1200,1228808,73
1201,1229832,68
1202,1230856,79
1203,1231880,72
1204,1232904,74
1205,1233928,73
1206,1234952,77
1207,1235976,70
1208,1237000,68
1209,1238024,77
1210,1239048,83
1211,1240072,65
1212,1241096,65
1213,1242120,67
1214,1243144,72
1215,1244168,72
1216,1245192,73
1217,1246216,75
1218,1247240,73
1219,1248264,71
1220,1249288,73
1221,1250312,78
1222,1251336,72
1223,1252360,71
1224,1253384,73
1225,1254408,72
1226,1255432,77
1227,1256456,76
1228,1257480,73
1229,1258504,72
1230,1259528,79
1231,1260552,76
1232,1261576,74
1233,1262600,72
1234,1263624,73
1235,1264648,80
1236,1265672,75
1237,1266696,75
1238,1267720,78
1239,1268744,85
1240,1269768,76
1241,1270792,70
1242,1271816,80
1243,1272840,81
1244,1273864,207
1245,1274888,68
1246,1275912,71
1247,1276936,98
1248,1277960,71
1249,1278984,80
1250,1280008,71
1251,1281032,73
1252,1282056,69
1253,1283080,76
1254,1284104,71
1255,1285128,67
1256,1286152,70
1257,1287176,72
1258,1288200,71
1259,1289224,71
1260,1290248,73
1261,1291272,76
1262,1292296,73
1263,1293320,75
1264,1294344,73
1265,1295368,72
1266,1296392,69
1267,1297416,70
1268,1298440,91
1269,1299464,68
1270,1300488,69
1271,1301512,74
1272,1302536,77
1273,1303560,93
1274,1304584,73
1275,1305608,73
1276,1306632,76
1277,1307656,79
1278,1308680,78
1279,1309704,77
1280,1310728,79
1281,1311752,74
1282,1312776,73
1283,1313800,79
1284,1314824,75
1285,1315848,76
1286,1316872,71
1287,1317896,70
1288,1318920,76
1289,1319944,75
1290,1320968,73
1291,1321992,72
1292,1323016,73
1293,1324040,77
1294,1325064,70
1295,1326088,71
1296,1327112,72
1297,1328136,75
1298,1329160,72
1299,1330184,69
1300,1331208,75
1301,1332232,105
1302,1333256,70
1303,1334280,69
1304,1335304,74
1305,1336328,71
1306,1337352,77
1307,1338376,78
1308,1339400,75
1309,1340424,80
1310,1341448,79
1311,1342472,69
1312,1343496,84
1313,1344520,77
1314,1345544,81
1315,1346568,77
1316,1347592,72
1317,1348616,75
1318,1349640,70
1319,1350664,79
1320,1351688,76
1321,1352712,82
1322,1353736,188
1323,1354760,85
1324,1355784,85
1325,1356808,81
1326,1357832,84
1327,1358856,75
1328,1359880,76
1329,1360904,81
1330,1361928,72
1331,1362952,87
1332,1363976,76
1333,1365000,73
1334,1366024,72
1335,1367048,81
1336,1368072,73
1337,1369096,75
1338,1370120,72
1339,1371144,82
1340,1372168,74
1341,1373192,82
1342,1374216,69
1343,1375240,70
1344,1376264,73
1345,1377288,78
1346,1378312,73
1347,1379336,77
1348,1380360,80
1349,1381384,74
1350,1382408,71
1351,1383432,81
1352,1384456,84
1353,1385480,75
1354,1386504,86
1355,1387528,73
1356,1388552,81
1357,1389576,89
1358,1390600,75
1359,1391624,88
1360,1392648,71
1361,1393672,84
1362,1394696,76
1363,1395720,80
1364,1396744,79
1365,1397768,132
1366,1398792,78
1367,1399816,75
1368,1400840,78
1369,1401864,87
1370,1402888,75
1371,1403912,74
1372,1404936,76
1373,1405960,91
1374,1406984,78
1375,1408008,72
1376,1409032,83
1377,1410056,87
1378,1411080,71
1379,1412104,80
1380,1413128,72
1381,1414152,72
1382,1415176,73
1383,1416200,241
1384,1417224,85
1385,1418248,76
1386,1419272,90
1387,1420296,79
1388,1421320,88
1389,1422344,76
1390,1423368,98
1391,1424392,87
1392,1425416,86
1393,1426440,74
1394,1427464,73
1395,1428488,85
1396,1429512,83
1397,1430536,79
1398,1431560,74
1399,1432584,73
1400,1433608,82
1401,1434632,76
1402,1435656,80
1403,1436680,78
1404,1437704,76
1405,1438728,72
1406,1439752,80
1407,1440776,188
1408,1441800,89
1409,1442824,75
1410,1443848,73
1411,1444872,84
1412,1445896,81
1413,1446920,82
1414,1447944,73
1415,1448968,74
1416,1449992,81
1417,1451016,73
1418,1452040,90
1419,1453064,75
1420,1454088,84
1421,1455112,80
1422,1456136,75
1423,1457160,78
1424,1458184,79
1425,1459208,194
1426,1460232,93
1427,1461256,71
1428,1462280,80
1429,1463304,79
1430,1464328,81
1431,1465352,85
1432,1466376,88
1433,1467400,82
1434,1468424,77
1435,1469448,77
1436,1470472,95
1437,1471496,182
1438,1472520,75
1439,1473544,76
1440,1474568,70
1441,1475592,78
1442,1476616,76
1443,1477640,88
1444,1478664,92
1445,1479688,81
1446,1480712,81
1447,1481736,78
1448,1482760,80
1449,1483784,71
1450,1484808,78
1451,1485832,82
1452,1486856,73
1453,1487880,80
1454,1488904,84
1455,1489928,197
1456,1490952,79
1457,1491976,72
1458,1493000,81
1459,1494024,87
1460,1495048,85
1461,1496072,84
1462,1497096,77
1463,1498120,76
1464,1499144,81
1465,1500168,76
1466,1501192,79
1467,1502216,84
1468,1503240,76
1469,1504264,79
1470,1505288,82
1471,1506312,83
1472,1507336,102
1473,1508360,72
1474,1509384,73
1475,1510408,73
1476,1511432,80
1477,1512456,74
1478,1513480,74
1479,1514504,88
1480,1515528,81
1481,1516552,81
1482,1517576,77
1483,1518600,76
1484,1519624,75
1485,1520648,80
1486,1521672,73
1487,1522696,78
1488,1523720,81
1489,1524744,76
1490,1525768,84
1491,1526792,73
1492,1527816,83
1493,1528840,88
1494,1529864,84
1495,1530888,69
1496,1531912,87
1497,1532936,90
1498,1533960,79
1499,1534984,83
1500,1536008,82
1501,1537032,84
1502,1538056,102
1503,1539080,159
1504,1540104,77
1505,1541128,78
1506,1542152,77
1507,1543176,72
1508,1544200,86
1509,1545224,75
1510,1546248,83
1511,1547272,73
1512,1548296,89
1513,1549320,79
1514,1550344,93
1515,1551368,96
1516,1552392,74
1517,1553416,83
1518,1554440,86
1519,1555464,71
1520,1556488,98
1521,1557512,144
1522,1558536,146
1523,1559560,85
1524,1560584,96
1525,1561608,77
1526,1562632,81
1527,1563656,82
1528,1564680,83
1529,1565704,87
1530,1566728,82
1531,1567752,86
1532,1568776,93
1533,1569800,76
1534,1570824,84
1535,1571848,75
1536,1572872,85
1537,1573896,81
1538,1574920,79
1539,1575944,80
1540,1576968,85
1541,1577992,78
1542,1579016,77
1543,1580040,93
1544,1581064,99
1545,1582088,76
1546,1583112,93
1547,1584136,83
1548,1585160,85
1549,1586184,81
1550,1587208,83
1551,1588232,72
1552,1589256,86
1553,1590280,79
1554,1591304,80
1555,1592328,79
1556,1593352,83
1557,1594376,81
1558,1595400,76
1559,1596424,77
1560,1597448,77
1561,1598472,78
1562,1599496,93
1563,1600520,80
1564,1601544,152
1565,1602568,79
1566,1603592,78
1567,1604616,93
1568,1605640,78
1569,1606664,81
1570,1607688,72
1571,1608712,78
1572,1609736,81
1573,1610760,86
1574,1611784,85
1575,1612808,83
1576,1613832,88
1577,1614856,77
1578,1615880,82
1579,1616904,89
1580,1617928,87
1581,1618952,80
1582,1619976,80
1583,1621000,127
1584,1622024,91
1585,1623048,84
1586,1624072,77
1587,1625096,77
1588,1626120,73
1589,1627144,75
1590,1628168,74
1591,1629192,82
1592,1630216,78
1593,1631240,77
1594,1632264,76
1595,1633288,77
1596,1634312,84
1597,1635336,89
1598,1636360,72
1599,1637384,87
1600,1638408,71
1601,1639432,84
1602,1640456,80
1603,1641480,75
1604,1642504,78
1605,1643528,85
1606,1644552,76
1607,1645576,79
1608,1646600,75
1609,1647624,80
1610,1648648,82
1611,1649672,80
1612,1650696,89
1613,1651720,105
1614,1652744,115
1615,1653768,107
1616,1654792,96
1617,1655816,102
1618,1656840,109
1619,1657864,114
1620,1658888,123
1621,1659912,81
1622,1660936,93
1623,1661960,124
1624,1662984,113
1625,1664008,94
1626,1665032,121
1627,1666056,138
1628,1667080,90
1629,1668104,80
1630,1669128,86
1631,1670152,103
1632,1671176,113
1633,1672200,107
1634,1673224,107
1635,1674248,130
1636,1675272,117
1637,1676296,131
1638,1677320,104
1639,1678344,121
1640,1679368,138
1641,1680392,236
1642,1681416,86
1643,1682440,96
1644,1683464,112
1645,1684488,91
1646,1685512,110
1647,1686536,104
1648,1687560,124
1649,1688584,119
1650,1689608,96
1651,1690632,98
1652,1691656,96
1653,1692680,99
1654,1693704,99
1655,1694728,127
1656,1695752,195
1657,1696776,87
1658,1697800,86
1659,1698824,89
1660,1699848,109
1661,1700872,107
1662,1701896,120
1663,1702920,105
1664,1703944,111
1665,1704968,110
1666,1705992,105
1667,1707016,118
1668,1708040,99
1669,1709064,94
1670,1710088,242
1671,1711112,97
1672,1712136,103
1673,1713160,98
1674,1714184,119
1675,1715208,99
1676,1716232,106
1677,1717256,98
1678,1718280,105
1679,1719304,95
1680,1720328,101
1681,1721352,106
1682,1722376,107
1683,1723400,105
1684,1724424,116
1685,1725448,108
1686,1726472,103
1687,1727496,106
1688,1728520,115
1689,1729544,94
1690,1730568,88
1691,1731592,90
1692,1732616,80
1693,1733640,88
1694,1734664,86
1695,1735688,86
1696,1736712,97
1697,1737736,104
1698,1738760,107
1699,1739784,107
1700,1740808,123
1701,1741832,106
1702,1742856,120
1703,1743880,98
1704,1744904,187
1705,1745928,90
1706,1746952,81
1707,1747976,83
1708,1749000,89
1709,1750024,87
1710,1751048,87
1711,1752072,96
1712,1753096,79
1713,1754120,94
1714,1755144,85
1715,1756168,92
1716,1757192,106
1717,1758216,120
1718,1759240,96
1719,1760264,88
1720,1761288,150
1721,1762312,157
1722,1763336,86
1723,1764360,75
1724,1765384,89
1725,1766408,82
1726,1767432,115
1727,1768456,97
1728,1769480,107
1729,1770504,114
1730,1771528,101
1731,1772552,94
1732,1773576,135
1733,1774600,123
1734,1775624,95
1735,1776648,96
1736,1777672,92
1737,1778696,96
1738,1779720,115
1739,1780744,95
1740,1781768,94
1741,1782792,98
1742,1783816,94
1743,1784840,116
1744,1785864,109
1745,1786888,85
1746,1787912,76
1747,1788936,80
1748,1789960,76
1749,1790984,135
1750,1792008,113
1751,1793032,90
1752,1794056,96
1753,1795080,126
1754,1796104,111
1755,1797128,140
1756,1798152,84
1757,1799176,83
1758,1800200,81
1759,1801224,87
1760,1802248,83
1761,1803272,82
1762,1804296,87
1763,1805320,100
1764,1806344,110
1765,1807368,113
1766,1808392,98
1767,1809416,103
1768,1810440,109
1769,1811464,96
1770,1812488,189
1771,1813512,90
1772,1814536,80
1773,1815560,88
1774,1816584,86
1775,1817608,78
1776,1818632,81
1777,1819656,83
1778,1820680,83
1779,1821704,80
1780,1822728,88
1781,1823752,84
1782,1824776,83
1783,1825800,82
1784,1826824,84
1785,1827848,81
1786,1828872,79
1787,1829896,93
1788,1830920,191
1789,1831944,88
1790,1832968,83
1791,1833992,79
1792,1835016,86
1793,1836040,80
1794,1837064,87
1795,1838088,95
1796,1839112,79
1797,1840136,82
1798,1841160,90
1799,1842184,84
1800,1843208,83
1801,1844232,82
1802,1845256,79
1803,1846280,83
1804,1847304,80
1805,1848328,85
1806,1849352,106
1807,1850376,166
1808,1851400,86
1809,1852424,83
1810,1853448,81
1811,1854472,83
1812,1855496,82
1813,1856520,82
1814,1857544,86
1815,1858568,79
1816,1859592,79
1817,1860616,77
1818,1861640,93
1819,1862664,89
1820,1863688,78
1821,1864712,79
1822,1865736,95
1823,1866760,86
1824,1867784,87
1825,1868808,78
1826,1869832,79
1827,1870856,80
1828,1871880,84
1829,1872904,83
1830,1873928,92
1831,1874952,87
1832,1875976,85
1833,1877000,91
1834,1878024,93
1835,1879048,98
1836,1880072,93
1837,1881096,97
1838,1882120,93
1839,1883144,91
1840,1884168,94
1841,1885192,106
1842,1886216,84
1843,1887240,92
1844,1888264,85
1845,1889288,178
1846,1890312,122
1847,1891336,127
1848,1892360,177
1849,1893384,162
1850,1894408,165
1851,1895432,195
1852,1896456,204
1853,1897480,164
1854,1898504,141
1855,1899528,225
1856,1900552,91
1857,1901576,88
1858,1902600,97
1859,1903624,91
1860,1904648,85
1861,1905672,93
1862,1906696,81
1863,1907720,90
1864,1908744,85
1865,1909768,91
1866,1910792,99
1867,1911816,84
1868,1912840,89
1869,1913864,84
1870,1914888,84
1871,1915912,93
1872,1916936,88
1873,1917960,98
1874,1918984,103
1875,1920008,99
1876,1921032,88
1877,1922056,92
1878,1923080,85
1879,1924104,92
1880,1925128,91
1881,1926152,89
1882,1927176,87
1883,1928200,96
1884,1929224,113
1885,1930248,83
1886,1931272,91
1887,1932296,94
1888,1933320,96
1889,1934344,92
1890,1935368,93
1891,1936392,97
1892,1937416,97
1893,1938440,90
1894,1939464,88
1895,1940488,94
1896,1941512,92
1897,1942536,88
1898,1943560,93
1899,1944584,92
1900,1945608,83
1901,1946632,86
1902,1947656,90
1903,1948680,88
1904,1949704,97
1905,1950728,86
1906,1951752,99
1907,1952776,95
1908,1953800,89
1909,1954824,94
1910,1955848,91
1911,1956872,91
1912,1957896,90
1913,1958920,85
1914,1959944,89
1915,1960968,89
1916,1961992,90
1917,1963016,97
1918,1964040,88
1919,1965064,95
1920,1966088,90
1921,1967112,97
1922,1968136,88
1923,1969160,93
1924,1970184,93
1925,1971208,92
1926,1972232,112
1927,1973256,91
1928,1974280,89
1929,1975304,94
1930,1976328,101
1931,1977352,91
1932,1978376,95
1933,1979400,90
1934,1980424,87
1935,1981448,92
1936,1982472,106
1937,1983496,97
1938,1984520,103
1939,1985544,117
1940,1986568,98
1941,1987592,98
1942,1988616,95
1943,1989640,94
1944,1990664,91
1945,1991688,87
1946,1992712,89
1947,1993736,94
1948,1994760,94
1949,1995784,85
1950,1996808,93
1951,1997832,161
1952,1998856,96
1953,1999880,93
1954,2000904,91
1955,2001928,101
1956,2002952,94
1957,2003976,86
1958,2005000,92
1959,2006024,96
1960,2007048,86
1961,2008072,88
1962,2009096,100
1963,2010120,140
1964,2011144,126
1965,2012168,87
1966,2013192,86
1967,2014216,87
1968,2015240,83
1969,2016264,92
1970,2017288,86
1971,2018312,88
1972,2019336,100
1973,2020360,96
1974,2021384,92
1975,2022408,100
1976,2023432,87
1977,2024456,89
1978,2025480,87
1979,2026504,271
1980,2027528,88
1981,2028552,89
1982,2029576,92
1983,2030600,96
1984,2031624,92
1985,2032648,91
1986,2033672,90
1987,2034696,86
1988,2035720,95
1989,2036744,91
1990,2037768,88
1991,2038792,118
1992,2039816,89
1993,2040840,117
1994,2041864,100
1995,2042888,92
1996,2043912,89
1997,2044936,94
1998,2045960,90
1999,2046984,97
2000,2048008,95
2001,2049032,95
2002,2050056,92
2003,2051080,90
2004,2052104,94
2005,2053128,94
2006,2054152,96
2007,2055176,84
2008,2056200,89
2009,2057224,90
2010,2058248,84
2011,2059272,96
2012,2060296,222
2013,2061320,90
2014,2062344,91
2015,2063368,239
2016,2064392,90
2017,2065416,89
2018,2066440,94
2019,2067464,91
2020,2068488,91
2021,2069512,95
2022,2070536,93
2023,2071560,86
2024,2072584,83
2025,2073608,82
2026,2074632,94
2027,2075656,93
2028,2076680,88
2029,2077704,88
2030,2078728,91
2031,2079752,177
2032,2080776,89
2033,2081800,88
2034,2082824,95
2035,2083848,93
2036,2084872,93
2037,2085896,100
2038,2086920,86
2039,2087944,89
2040,2088968,93
2041,2089992,87
2042,2091016,198
2043,2092040,86
2044,2093064,94
2045,2094088,90
2046,2095112,89
2047,2096136,95
2048,2097160,90
2049,2098184,88
2050,2099208,88
2051,2100232,90
2052,2101256,86
2053,2102280,94
2054,2103304,88
2055,2104328,87
2056,2105352,96
2057,2106376,143
2058,2107400,161
2059,2108424,92
2060,2109448,90
2061,2110472,88
2062,2111496,98
2063,2112520,87
2064,2113544,86
2065,2114568,89
2066,2115592,88
2067,2116616,87
2068,2117640,96
2069,2118664,90
2070,2119688,90
2071,2120712,91
2072,2121736,88
2073,2122760,90
2074,2123784,204
2075,2124808,94
2076,2125832,82
2077,2126856,90
2078,2127880,85
2079,2128904,92
2080,2129928,92
2081,2130952,92
2082,2131976,91
2083,2133000,89
2084,2134024,88
2085,2135048,82
2086,2136072,90
2087,2137096,88
2088,2138120,92
2089,2139144,94
2090,2140168,93
2091,2141192,87
2092,2142216,97
2093,2143240,91
2094,2144264,89
2095,2145288,89
2096,2146312,89
2097,2147336,87
2098,2148360,87
2099,2149384,92
2100,2150408,87
2101,2151432,85
2102,2152456,87
2103,2153480,90
2104,2154504,90
2105,2155528,92
2106,2156552,95
2107,2157576,89
2108,2158600,84
2109,2159624,88
2110,2160648,91
2111,2161672,96
2112,2162696,88
2113,2163720,97
2114,2164744,84
2115,2165768,94
2116,2166792,90
2117,2167816,91
2118,2168840,90
2119,2169864,90
2120,2170888,92
2121,2171912,93
2122,2172936,88
2123,2173960,87
2124,2174984,92
2125,2176008,88
2126,2177032,88
2127,2178056,86
2128,2179080,95
2129,2180104,94
2130,2181128,90
2131,2182152,84
2132,2183176,96
2133,2184200,90
2134,2185224,89
2135,2186248,84
2136,2187272,88
2137,2188296,96
2138,2189320,89
2139,2190344,99
2140,2191368,92
2141,2192392,91
2142,2193416,90
2143,2194440,93
2144,2195464,172
2145,2196488,93
2146,2197512,87
2147,2198536,87
2148,2199560,89
2149,2200584,85
2150,2201608,94
2151,2202632,96
2152,2203656,92
2153,2204680,89
2154,2205704,89
2155,2206728,96
2156,2207752,89
2157,2208776,92
2158,2209800,92
2159,2210824,89
2160,2211848,89
2161,2212872,86
2162,2213896,90
2163,2214920,89
2164,2215944,94
2165,2216968,90
2166,2217992,92
2167,2219016,89
2168,2220040,92
2169,2221064,90
2170,2222088,90
2171,2223112,149
2172,2224136,160
2173,2225160,92
2174,2226184,91
2175,2227208,89
2176,2228232,88
2177,2229256,98
2178,2230280,97
2179,2231304,88
2180,2232328,93
2181,2233352,92
2182,2234376,88
2183,2235400,116
2184,2236424,202
2185,2237448,89
2186,2238472,87
2187,2239496,98
2188,2240520,89
2189,2241544,94
2190,2242568,87
2191,2243592,101
2192,2244616,93
2193,2245640,94
2194,2246664,92
2195,2247688,94
2196,2248712,94
2197,2249736,91
2198,2250760,87
2199,2251784,93
2200,2252808,96
2201,2253832,89
2202,2254856,89
2203,2255880,167
2204,2256904,97
2205,2257928,92
2206,2258952,94
2207,2259976,90
2208,2261000,90
2209,2262024,94
2210,2263048,89
2211,2264072,87
2212,2265096,94
2213,2266120,84
2214,2267144,104
2215,2268168,202
2216,2269192,113
2217,2270216,98
2218,2271240,96
2219,2272264,97
2220,2273288,95
2221,2274312,95
2222,2275336,94
2223,2276360,94
2224,2277384,96
2225,2278408,181
2226,2279432,147
2227,2280456,95
2228,2281480,95
2229,2282504,97
2230,2283528,98
2231,2284552,141
2232,2285576,102
2233,2286600,101
2234,2287624,102
2235,2288648,100
2236,2289672,104
2237,2290696,102
2238,2291720,95
2239,2292744,97
2240,2293768,99
2241,2294792,92
2242,2295816,97
2243,2296840,208
2244,2297864,108
2245,2298888,106
2246,2299912,104
2247,2300936,111
2248,2301960,119
2249,2302984,115
2250,2304008,120
2251,2305032,105
2252,2306056,106
2253,2307080,110
2254,2308104,107
2255,2309128,134
2256,2310152,125
2257,2311176,182
2258,2312200,105
2259,2313224,104
2260,2314248,110
2261,2315272,105
2262,2316296,104
2263,2317320,95
2264,2318344,94
2265,2319368,96
2266,2320392,110
2267,2321416,110
2268,2322440,108
2269,2323464,105
2270,2324488,167
2271,2325512,88
2272,2326536,102
2273,2327560,95
2274,2328584,91
2275,2329608,101
2276,2330632,98
2277,2331656,97
2278,2332680,102
2279,2333704,93
2280,2334728,93
2281,2335752,213
2282,2336776,99
2283,2337800,103
2284,2338824,94
2285,2339848,114
2286,2340872,104
2287,2341896,100
2288,2342920,102
2289,2343944,101
2290,2344968,96
2291,2345992,95
2292,2347016,110
2293,2348040,97
2294,2349064,106
2295,2350088,101
2296,2351112,105
2297,2352136,103
2298,2353160,203
2299,2354184,87
2300,2355208,90
2301,2356232,87
2302,2357256,86
2303,2358280,91
2304,2359304,85
2305,2360328,90
2306,2361352,87
2307,2362376,89
2308,2363400,87
2309,2364424,84
2310,2365448,204
2311,2366472,88
2312,2367496,95
2313,2368520,104
2314,2369544,115
2315,2370568,126
2316,2371592,109
2317,2372616,116
2318,2373640,98
2319,2374664,106
2320,2375688,115
2321,2376712,121
2322,2377736,111
2323,2378760,111
2324,2379784,170
2325,2380808,119
2326,2381832,112
2327,2382856,105
2328,2383880,249
2329,2384904,92
2330,2385928,104
2331,2386952,95
2332,2387976,108
2333,2389000,118
2334,2390024,111
2335,2391048,110
2336,2392072,113
2337,2393096,111
2338,2394120,109
2339,2395144,105
2340,2396168,105
2341,2397192,104
2342,2398216,106
2343,2399240,165
2344,2400264,98
2345,2401288,95
2346,2402312,95
2347,2403336,96
2348,2404360,102
2349,2405384,96
2350,2406408,94
2351,2407432,100
2352,2408456,98
2353,2409480,103
2354,2410504,225
2355,2411528,104
2356,2412552,96
2357,2413576,99
2358,2414600,106
2359,2415624,104
2360,2416648,95
2361,2417672,98
2362,2418696,97
2363,2419720,104
2364,2420744,99
2365,2421768,95
2366,2422792,95
2367,2423816,98
2368,2424840,97
2369,2425864,93
2370,2426888,102
2371,2427912,210
2372,2428936,106
2373,2429960,97
2374,2430984,99
2375,2432008,100
2376,2433032,97
2377,2434056,99
2378,2435080,100
2379,2436104,95
2380,2437128,103
2381,2438152,109
2382,2439176,114
2383,2440200,183
2384,2441224,101
2385,2442248,105
2386,2443272,107
2387,2444296,112
2388,2445320,109
2389,2446344,108
2390,2447368,108
2391,2448392,107
2392,2449416,104
2393,2450440,107
2394,2451464,109
2395,2452488,103
2396,2453512,152
2397,2454536,158
2398,2455560,106
2399,2456584,110
2400,2457608,107
2401,2458632,115
2402,2459656,107
2403,2460680,112
2404,2461704,108
2405,2462728,470
2406,2463752,112
2407,2464776,137
2408,2465800,105
2409,2466824,106
2410,2467848,116
2411,2468872,108
2412,2469896,130
2413,2470920,269
2414,2471944,150
2415,2472968,120
2416,2473992,120
2417,2475016,140
2418,2476040,143
2419,2477064,117
2420,2478088,103
2421,2479112,121
2422,2480136,237
2423,2481160,114
2424,2482184,116
2425,2483208,105
2426,2484232,156
2427,2485256,201
2428,2486280,224
2429,2487304,94
2430,2488328,102
2431,2489352,105
2432,2490376,98
2433,2491400,101
2434,2492424,107
2435,2493448,114
2436,2494472,129
2437,2495496,204
2438,2496520,123
2439,2497544,115
2440,2498568,114
2441,2499592,114
2442,2500616,113
2443,2501640,114
2444,2502664,112
2445,2503688,104
2446,2504712,101
2447,2505736,102
2448,2506760,99
2449,2507784,109
2450,2508808,112
2451,2509832,103
2452,2510856,113
2453,2511880,102
2454,2512904,102
2455,2513928,101
2456,2514952,102
2457,2515976,99
2458,2517000,96
2459,2518024,106
2460,2519048,101
2461,2520072,104
2462,2521096,103
2463,2522120,101
2464,2523144,102
2465,2524168,97
2466,2525192,118
2467,2526216,111
2468,2527240,119
2469,2528264,116
2470,2529288,113
2471,2530312,111
2472,2531336,121
2473,2532360,103
2474,2533384,108
2475,2534408,117
2476,2535432,105
2477,2536456,119
2478,2537480,120
2479,2538504,118
2480,2539528,118
2481,2540552,113
2482,2541576,115
2483,2542600,126
2484,2543624,115
2485,2544648,121
2486,2545672,116
2487,2546696,116
2488,2547720,123
2489,2548744,116
2490,2549768,117
2491,2550792,111
2492,2551816,110
2493,2552840,118
2494,2553864,119
2495,2554888,113
2496,2555912,108
2497,2556936,117
2498,2557960,116
2499,2558984,110
2500,2560008,104
2501,2561032,119
2502,2562056,114
2503,2563080,120
2504,2564104,120
2505,2565128,112
2506,2566152,106
2507,2567176,96
2508,2568200,98
2509,2569224,97
2510,2570248,99
2511,2571272,102
2512,2572296,97
2513,2573320,96
2514,2574344,98
2515,2575368,102
2516,2576392,103
2517,2577416,100
2518,2578440,96
2519,2579464,94
2520,2580488,99
2521,2581512,98
2522,2582536,97
2523,2583560,94
2524,2584584,101
2525,2585608,100
2526,2586632,100
2527,2587656,95
2528,2588680,97
2529,2589704,98
2530,2590728,98
2531,2591752,99
2532,2592776,96
2533,2593800,97
2534,2594824,103
2535,2595848,106
2536,2596872,99
2537,2597896,97
2538,2598920,93
2539,2599944,99
2540,2600968,94
2541,2601992,133
2542,2603016,102
2543,2604040,110
2544,2605064,101
2545,2606088,93
2546,2607112,100
2547,2608136,106
2548,2609160,105
2549,2610184,97
2550,2611208,100
2551,2612232,96
2552,2613256,104
2553,2614280,101
2554,2615304,106
2555,2616328,116
2556,2617352,109
2557,2618376,109
2558,2619400,102
2559,2620424,107
2560,2621448,103
2561,2622472,99
2562,2623496,98
2563,2624520,106
2564,2625544,141
2565,2626568,105
2566,2627592,97
2567,2628616,106
2568,2629640,101
2569,2630664,96
2570,2631688,109
2571,2632712,107
2572,2633736,111
2573,2634760,110
2574,2635784,108
2575,2636808,111
2576,2637832,107
2577,2638856,103
2578,2639880,104
2579,2640904,100
2580,2641928,111
2581,2642952,104
2582,2643976,107
2583,2645000,128
2584,2646024,105
2585,2647048,100
2586,2648072,108
2587,2649096,112
2588,2650120,115
2589,2651144,123
2590,2652168,107
2591,2653192,112
2592,2654216,126
2593,2655240,121
2594,2656264,107
2595,2657288,114
2596,2658312,109
2597,2659336,107
2598,2660360,111
2599,2661384,113
2600,2662408,107
2601,2663432,110
2602,2664456,111
2603,2665480,109
2604,2666504,106
2605,2667528,106
2606,2668552,105
2607,2669576,105
2608,2670600,106
2609,2671624,108
2610,2672648,103
2611,2673672,100
2612,2674696,97
2613,2675720,103
2614,2676744,108
2615,2677768,100
2616,2678792,98
2617,2679816,99
2618,2680840,100
2619,2681864,107
2620,2682888,101
2621,2683912,106
2622,2684936,108
2623,2685960,107
2624,2686984,106
2625,2688008,98
2626,2689032,103
2627,2690056,100
2628,2691080,104
2629,2692104,102
2630,2693128,106
2631,2694152,101
2632,2695176,115
2633,2696200,114
2634,2697224,111
2635,2698248,108
2636,2699272,99
2637,2700296,107
2638,2701320,102
2639,2702344,104
2640,2703368,96
2641,2704392,100
2642,2705416,102
2643,2706440,102
2644,2707464,103
2645,2708488,174
2646,2709512,170
2647,2710536,164
2648,2711560,110
2649,2712584,111
2650,2713608,122
2651,2714632,129
2652,2715656,122
2653,2716680,132
2654,2717704,127
2655,2718728,193
2656,2719752,181
2657,2720776,195
2658,2721800,165
2659,2722824,168
2660,2723848,176
2661,2724872,162
2662,2725896,139
2663,2726920,127
2664,2727944,130
2665,2728968,247
2666,2729992,106
2667,2731016,99
2668,2732040,103
2669,2733064,104
2670,2734088,102
2671,2735112,132
2672,2736136,169
2673,2737160,162
2674,2738184,174
2675,2739208,196
2676,2740232,228
2677,2741256,167
2678,2742280,150
2679,2743304,161
2680,2744328,161
2681,2745352,158
2682,2746376,138
2683,2747400,106
2684,2748424,112
2685,2749448,107
2686,2750472,113
2687,2751496,103
2688,2752520,109
2689,2753544,100
2690,2754568,109
2691,2755592,101
2692,2756616,101
2693,2757640,120
2694,2758664,119
2695,2759688,114
2696,2760712,118
2697,2761736,121
2698,2762760,132
2699,2763784,128
2700,2764808,134
2701,2765832,123
2702,2766856,114
2703,2767880,119
2704,2768904,123
2705,2769928,128
2706,2770952,117
2707,2771976,126
2708,2773000,110
2709,2774024,129
2710,2775048,122
2711,2776072,117
2712,2777096,109
2713,2778120,109
2714,2779144,100
2715,2780168,102
2716,2781192,106
2717,2782216,102
2718,2783240,101
2719,2784264,119
2720,2785288,112
2721,2786312,99
2722,2787336,102
2723,2788360,101
2724,2789384,108
2725,2790408,126
2726,2791432,115
2727,2792456,106
2728,2793480,104
2729,2794504,141
2730,2795528,104
2731,2796552,104
2732,2797576,102
2733,2798600,104
2734,2799624,105
2735,2800648,101
2736,2801672,109
2737,2802696,106
2738,2803720,110
2739,2804744,102
2740,2805768,101
2741,2806792,98
2742,2807816,101
2743,2808840,101
2744,2809864,102
2745,2810888,101
2746,2811912,111
2747,2812936,108
2748,2813960,127
2749,2814984,102
2750,2816008,105
2751,2817032,101
2752,2818056,101
2753,2819080,111
2754,2820104,105
2755,2821128,107
2756,2822152,109
2757,2823176,102
2758,2824200,106
2759,2825224,103
2760,2826248,105
2761,2827272,111
2762,2828296,109
2763,2829320,104
2764,2830344,102
2765,2831368,105
2766,2832392,107
2767,2833416,106
2768,2834440,110
2769,2835464,100
2770,2836488,102
2771,2837512,101
2772,2838536,114
2773,2839560,102
2774,2840584,105
2775,2841608,103
2776,2842632,111
2777,2843656,101
2778,2844680,101
2779,2845704,106
2780,2846728,107
2781,2847752,104
2782,2848776,106
2783,2849800,114
2784,2850824,102
2785,2851848,109
2786,2852872,110
2787,2853896,109
2788,2854920,107
2789,2855944,104
2790,2856968,105
2791,2857992,114
2792,2859016,110
2793,2860040,102
2794,2861064,108
2795,2862088,117
2796,2863112,114
2797,2864136,113
2798,2865160,101
2799,2866184,106
2800,2867208,104
2801,2868232,104
2802,2869256,106
2803,2870280,103
2804,2871304,109
2805,2872328,108
2806,2873352,110
2807,2874376,102
2808,2875400,105
2809,2876424,111
2810,2877448,106
2811,2878472,117
2812,2879496,111
2813,2880520,108
2814,2881544,109
2815,2882568,105
2816,2883592,105
2817,2884616,106
2818,2885640,108
2819,2886664,105
2820,2887688,105
2821,2888712,115
2822,2889736,111
2823,2890760,120
2824,2891784,114
2825,2892808,135
2826,2893832,115
2827,2894856,115
2828,2895880,112
2829,2896904,124
2830,2897928,113
2831,2898952,104
2832,2899976,108
2833,2901000,102
2834,2902024,107
2835,2903048,102
2836,2904072,115
2837,2905096,112
2838,2906120,113
2839,2907144,116
2840,2908168,104
2841,2909192,101
2842,2910216,113
2843,2911240,117
2844,2912264,113
2845,2913288,108
2846,2914312,109
2847,2915336,117
2848,2916360,121
2849,2917384,108
2850,2918408,109
2851,2919432,105
2852,2920456,117
2853,2921480,114
2854,2922504,111
2855,2923528,113
2856,2924552,128
2857,2925576,130
2858,2926600,116
2859,2927624,123
2860,2928648,112
2861,2929672,112
2862,2930696,124
2863,2931720,108
2864,2932744,113
2865,2933768,100
2866,2934792,105
2867,2935816,111
2868,2936840,116
2869,2937864,125
2870,2938888,104
2871,2939912,122
2872,2940936,115
2873,2941960,113
2874,2942984,112
2875,2944008,113
2876,2945032,111
2877,2946056,113
2878,2947080,115
2879,2948104,113
2880,2949128,128
2881,2950152,120
2882,2951176,106
2883,2952200,107
2884,2953224,106
2885,2954248,113
2886,2955272,126
2887,2956296,114
2888,2957320,119
2889,2958344,139
2890,2959368,161
2891,2960392,143
2892,2961416,123
2893,2962440,137
2894,2963464,138
2895,2964488,160
2896,2965512,150
2897,2966536,158
2898,2967560,146
2899,2968584,139
2900,2969608,131
2901,2970632,144
2902,2971656,124
2903,2972680,146
2904,2973704,139
2905,2974728,139
2906,2975752,165
2907,2976776,163
2908,2977800,137
2909,2978824,155
2910,2979848,172
2911,2980872,182
2912,2981896,151
2913,2982920,154
2914,2983944,163
2915,2984968,167
2916,2985992,198
2917,2987016,181
2918,2988040,128
2919,2989064,127
2920,2990088,137
2921,2991112,156
2922,2992136,139
2923,2993160,138
2924,2994184,192
2925,2995208,160
2926,2996232,165
2927,2997256,145
2928,2998280,144
2929,2999304,128
2930,3000328,178
2931,3001352,160
2932,3002376,148
2933,3003400,153
2934,3004424,147
2935,3005448,159
2936,3006472,137
2937,3007496,149
2938,3008520,161
2939,3009544,145
2940,3010568,154
2941,3011592,148
2942,3012616,233
2943,3013640,152
2944,3014664,153
2945,3015688,147
2946,3016712,124
2947,3017736,156
2948,3018760,147
2949,3019784,172
2950,3020808,136
2951,3021832,156
2952,3022856,168
2953,3023880,164
2954,3024904,133
2955,3025928,138
2956,3026952,147
2957,3027976,166
2958,3029000,170
2959,3030024,148
2960,3031048,147
2961,3032072,154
2962,3033096,151
2963,3034120,141
2964,3035144,162
2965,3036168,158
2966,3037192,135
2967,3038216,141
2968,3039240,143
2969,3040264,156
2970,3041288,130
2971,3042312,159
2972,3043336,150
2973,3044360,147
2974,3045384,154
2975,3046408,130
2976,3047432,155
2977,3048456,130
2978,3049480,143
2979,3050504,162
2980,3051528,127
2981,3052552,142
2982,3053576,148
2983,3054600,169
2984,3055624,149
2985,3056648,177
2986,3057672,132
2987,3058696,155
2988,3059720,162
2989,3060744,136
2990,3061768,143
2991,3062792,161
2992,3063816,149
2993,3064840,140
2994,3065864,164
2995,3066888,149
2996,3067912,152
2997,3068936,136
2998,3069960,164
2999,3070984,142
3000,3072008,138
3001,3073032,146
3002,3074056,138
3003,3075080,157
3004,3076104,149
3005,3077128,154
3006,3078152,148
3007,3079176,151
3008,3080200,183
3009,3081224,195
3010,3082248,163
3011,3083272,134
3012,3084296,142
3013,3085320,140
3014,3086344,157
3015,3087368,127
3016,3088392,109
3017,3089416,115
3018,3090440,110
3019,3091464,106
3020,3092488,110
3021,3093512,105
3022,3094536,106
3023,3095560,108
3024,3096584,110
3025,3097608,109
3026,3098632,110
3027,3099656,112
3028,3100680,104
3029,3101704,106
3030,3102728,112
3031,3103752,102
3032,3104776,107
3033,3105800,108
3034,3106824,106
3035,3107848,110
3036,3108872,113
3037,3109896,115
3038,3110920,104
3039,3111944,112
3040,3112968,114
3041,3113992,116
3042,3115016,113
3043,3116040,122
3044,3117064,116
3045,3118088,106
3046,3119112,119
3047,3120136,110
3048,3121160,111
3049,3122184,105
3050,3123208,114
3051,3124232,110
3052,3125256,116
3053,3126280,115
3054,3127304,112
3055,3128328,111
3056,3129352,110
3057,3130376,106
3058,3131400,112
3059,3132424,112
3060,3133448,108
3061,3134472,109
3062,3135496,110
3063,3136520,113
3064,3137544,109
3065,3138568,121
3066,3139592,111
3067,3140616,110
3068,3141640,113
3069,3142664,111
3070,3143688,120
3071,3144712,117
3072,3145736,114
3073,3146760,116
3074,3147784,107
3075,3148808,109
3076,3149832,113
3077,3150856,117
3078,3151880,108
3079,3152904,106
3080,3153928,110
3081,3154952,104
3082,3155976,109
3083,3157000,115
3084,3158024,107
3085,3159048,117
3086,3160072,112
3087,3161096,106
3088,3162120,119
3089,3163144,111
3090,3164168,118
3091,3165192,111
3092,3166216,110
3093,3167240,107
3094,3168264,119
3095,3169288,104
3096,3170312,113
3097,3171336,105
3098,3172360,107
3099,3173384,109
3100,3174408,120
3101,3175432,119
3102,3176456,109
3103,3177480,121
3104,3178504,113
3105,3179528,106
3106,3180552,108
3107,3181576,120
3108,3182600,108
3109,3183624,108
3110,3184648,118
3111,3185672,112
3112,3186696,112
3113,3187720,113
3114,3188744,112
3115,3189768,110
3116,3190792,112
3117,3191816,116
3118,3192840,114
3119,3193864,113
3120,3194888,117
3121,3195912,112
3122,3196936,113
3123,3197960,114
3124,3198984,115
3125,3200008,107
3126,3201032,111
3127,3202056,115
3128,3203080,110
3129,3204104,109
3130,3205128,114
3131,3206152,107
3132,3207176,113
3133,3208200,108
3134,3209224,113
3135,3210248,111
3136,3211272,104
3137,3212296,118
3138,3213320,121
3139,3214344,114
3140,3215368,126
3141,3216392,114
3142,3217416,120
3143,3218440,116
3144,3219464,113
3145,3220488,109
3146,3221512,113
3147,3222536,115
3148,3223560,111
3149,3224584,126
3150,3225608,114
3151,3226632,104
3152,3227656,109
3153,3228680,109
3154,3229704,105
3155,3230728,105
3156,3231752,114
3157,3232776,105
3158,3233800,110
3159,3234824,116
3160,3235848,107
3161,3236872,115
3162,3237896,113
3163,3238920,114
3164,3239944,114
3165,3240968,112
3166,3241992,109
3167,3243016,119
3168,3244040,116
3169,3245064,114
3170,3246088,107
3171,3247112,115
3172,3248136,115
3173,3249160,110
3174,3250184,111
3175,3251208,108
3176,3252232,115
3177,3253256,115
3178,3254280,115
3179,3255304,111
3180,3256328,119
3181,3257352,114
3182,3258376,122
3183,3259400,117
3184,3260424,110
3185,3261448,115
3186,3262472,121
3187,3263496,128
3188,3264520,114
3189,3265544,114
3190,3266568,121
3191,3267592,116
3192,3268616,117
3193,3269640,107
3194,3270664,116
3195,3271688,114
3196,3272712,115
3197,3273736,111
3198,3274760,111
3199,3275784,118
3200,3276808,121
3201,3277832,146
3202,3278856,140
3203,3279880,116
3204,3280904,116
3205,3281928,107
3206,3282952,121
3207,3283976,108
3208,3285000,118
3209,3286024,122
3210,3287048,121
3211,3288072,139
3212,3289096,135
3213,3290120,131
3214,3291144,119
3215,3292168,118
3216,3293192,110
3217,3294216,108
3218,3295240,120
3219,3296264,117
3220,3297288,123
3221,3298312,139
3222,3299336,154
3223,3300360,153
3224,3301384,109
3225,3302408,115
3226,3303432,116
3227,3304456,113
3228,3305480,115
3229,3306504,113
3230,3307528,122
3231,3308552,120
3232,3309576,123
3233,3310600,117
3234,3311624,116
3235,3312648,115
3236,3313672,119
3237,3314696,127
3238,3315720,112
3239,3316744,113
3240,3317768,111
3241,3318792,135
3242,3319816,121
3243,3320840,161
3244,3321864,125
3245,3322888,121
3246,3323912,121
3247,3324936,116
3248,3325960,116
3249,3326984,124
3250,3328008,128
3251,3329032,122
3252,3330056,139
3253,3331080,108
3254,3332104,112
3255,3333128,110
3256,3334152,122
3257,3335176,129
3258,3336200,131
3259,3337224,122
3260,3338248,122
3261,3339272,139
3262,3340296,135
3263,3341320,131
3264,3342344,117
3265,3343368,117
3266,3344392,121
3267,3345416,117
3268,3346440,157
3269,3347464,250
3270,3348488,148
3271,3349512,120
3272,3350536,116
3273,3351560,125
3274,3352584,120
3275,3353608,128
3276,3354632,115
3277,3355656,119
3278,3356680,118
3279,3357704,120
3280,3358728,123
3281,3359752,131
3282,3360776,117
3283,3361800,114
3284,3362824,108
3285,3363848,114
3286,3364872,109
3287,3365896,108
3288,3366920,116
3289,3367944,123
3290,3368968,128
3291,3369992,128
3292,3371016,118
3293,3372040,129
3294,3373064,132
3295,3374088,121
3296,3375112,114
3297,3376136,108
3298,3377160,116
3299,3378184,113
3300,3379208,108
3301,3380232,111
3302,3381256,111
3303,3382280,120
3304,3383304,114
3305,3384328,107
3306,3385352,113
3307,3386376,105
3308,3387400,108
3309,3388424,113
3310,3389448,109
3311,3390472,114
3312,3391496,110
3313,3392520,112
3314,3393544,118
3315,3394568,116
3316,3395592,128
3317,3396616,123
3318,3397640,112
3319,3398664,115
3320,3399688,114
3321,3400712,111
3322,3401736,124
3323,3402760,109
3324,3403784,116
3325,3404808,105
3326,3405832,118
3327,3406856,127
3328,3407880,114
3329,3408904,116
3330,3409928,124
3331,3410952,111
3332,3411976,114
3333,3413000,113
3334,3414024,115
3335,3415048,112
3336,3416072,114
3337,3417096,114
3338,3418120,124
3339,3419144,120
3340,3420168,118
3341,3421192,114
3342,3422216,117
3343,3423240,114
3344,3424264,111
3345,3425288,110
3346,3426312,126
3347,3427336,115
3348,3428360,115
3349,3429384,117
3350,3430408,117
3351,3431432,117
3352,3432456,114
3353,3433480,121
3354,3434504,113
3355,3435528,123
3356,3436552,123
3357,3437576,114
3358,3438600,114
3359,3439624,109
3360,3440648,118
3361,3441672,119
3362,3442696,121
3363,3443720,115
3364,3444744,110
3365,3445768,110
3366,3446792,110
3367,3447816,117
3368,3448840,112
3369,3449864,120
3370,3450888,120
3371,3451912,113
3372,3452936,117
3373,3453960,115
3374,3454984,116
3375,3456008,115
3376,3457032,111
3377,3458056,115
3378,3459080,120
3379,3460104,113
3380,3461128,114
3381,3462152,116
3382,3463176,117
3383,3464200,113
3384,3465224,116
3385,3466248,110
3386,3467272,122
3387,3468296,112
3388,3469320,112
3389,3470344,108
3390,3471368,114
3391,3472392,112
3392,3473416,123
3393,3474440,113
3394,3475464,121
3395,3476488,113
3396,3477512,161
3397,3478536,235
3398,3479560,132
3399,3480584,114
3400,3481608,116
3401,3482632,112
3402,3483656,118
3403,3484680,109
3404,3485704,110
3405,3486728,111
3406,3487752,117
3407,3488776,115
3408,3489800,116
3409,3490824,110
3410,3491848,114
3411,3492872,114
3412,3493896,117
3413,3494920,111
3414,3495944,117
3415,3496968,116
3416,3497992,113
3417,3499016,116
3418,3500040,111
3419,3501064,106
3420,3502088,123
3421,3503112,115
3422,3504136,123
3423,3505160,114
3424,3506184,120
3425,3507208,117
3426,3508232,117
3427,3509256,122
3428,3510280,126
3429,3511304,134
3430,3512328,123
3431,3513352,116
3432,3514376,117
3433,3515400,115
3434,3516424,117
3435,3517448,120
3436,3518472,121
3437,3519496,119
3438,3520520,129
3439,3521544,128
3440,3522568,122
3441,3523592,112
3442,3524616,112
3443,3525640,120
3444,3526664,124
3445,3527688,120
3446,3528712,121
3447,3529736,117
3448,3530760,118
3449,3531784,123
3450,3532808,157
3451,3533832,116
3452,3534856,134
3453,3535880,128
3454,3536904,119
3455,3537928,123
3456,3538952,114
3457,3539976,118
3458,3541000,117
3459,3542024,113
3460,3543048,117
3461,3544072,118
3462,3545096,116
3463,3546120,113
3464,3547144,120
3465,3548168,118
3466,3549192,117
3467,3550216,121
3468,3551240,118
3469,3552264,113
3470,3553288,112
3471,3554312,112
3472,3555336,109
3473,3556360,200
3474,3557384,118
3475,3558408,110
3476,3559432,115
3477,3560456,118
3478,3561480,113
3479,3562504,136
3480,3563528,121
3481,3564552,208
3482,3565576,126
3483,3566600,111
3484,3567624,118
3485,3568648,128
3486,3569672,112
3487,3570696,116
3488,3571720,111
3489,3572744,125
3490,3573768,211
3491,3574792,128
3492,3575816,119
3493,3576840,124
3494,3577864,115
3495,3578888,126
3496,3579912,118
3497,3580936,123
3498,3581960,116
3499,3582984,120
3500,3584008,118
3501,3585032,110
3502,3586056,114
3503,3587080,191
3504,3588104,123
3505,3589128,119
3506,3590152,118
3507,3591176,121
3508,3592200,118
3509,3593224,121
3510,3594248,128
3511,3595272,115
3512,3596296,167
3513,3597320,153
3514,3598344,114
3515,3599368,112
3516,3600392,114
3517,3601416,115
3518,3602440,130
3519,3603464,126
3520,3604488,131
3521,3605512,211
3522,3606536,187
3523,3607560,119
3524,3608584,128
3525,3609608,119
3526,3610632,117
3527,3611656,116
3528,3612680,138
3529,3613704,247
3530,3614728,116
3531,3615752,122
3532,3616776,114
3533,3617800,111
3534,3618824,130
3535,3619848,112
3536,3620872,119
3537,3621896,116
3538,3622920,127
3539,3623944,119
3540,3624968,123
3541,3625992,114
3542,3627016,122
3543,3628040,123
3544,3629064,117
3545,3630088,121
3546,3631112,120
3547,3632136,119
3548,3633160,119
3549,3634184,120
3550,3635208,119
3551,3636232,128
3552,3637256,124
3553,3638280,122
3554,3639304,129
3555,3640328,135
3556,3641352,131
3557,3642376,127
3558,3643400,118
3559,3644424,125
3560,3645448,137
3561,3646472,114
3562,3647496,120
3563,3648520,124
3564,3649544,119
3565,3650568,121
3566,3651592,130
3567,3652616,129
3568,3653640,129
3569,3654664,123
3570,3655688,128
3571,3656712,128
3572,3657736,143
3573,3658760,124
3574,3659784,129
3575,3660808,127
3576,3661832,137
3577,3662856,129
3578,3663880,123
3579,3664904,134
3580,3665928,143
3581,3666952,134
3582,3667976,124
3583,3669000,134
3584,3670024,124
3585,3671048,125
3586,3672072,131
3587,3673096,126
3588,3674120,129
3589,3675144,123
3590,3676168,122
3591,3677192,124
3592,3678216,125
3593,3679240,126
3594,3680264,128
3595,3681288,125
3596,3682312,123
3597,3683336,123
3598,3684360,128
3599,3685384,135
3600,3686408,133
3601,3687432,122
3602,3688456,133
3603,3689480,128
3604,3690504,125
3605,3691528,125
3606,3692552,128
3607,3693576,118
3608,3694600,124
3609,3695624,123
3610,3696648,122
3611,3697672,122
3612,3698696,125
3613,3699720,114
3614,3700744,130
3615,3701768,130
3616,3702792,120
3617,3703816,131
3618,3704840,132
3619,3705864,127
3620,3706888,130
3621,3707912,127
3622,3708936,128
3623,3709960,133
3624,3710984,134
3625,3712008,135
3626,3713032,132
3627,3714056,128
3628,3715080,125
3629,3716104,132
3630,3717128,141
3631,3718152,133
3632,3719176,149
3633,3720200,127
3634,3721224,129
3635,3722248,131
3636,3723272,141
3637,3724296,127
3638,3725320,129
3639,3726344,128
3640,3727368,130
3641,3728392,132
3642,3729416,124
3643,3730440,129
3644,3731464,128
3645,3732488,123
3646,3733512,138
3647,3734536,134
3648,3735560,120
3649,3736584,148
3650,3737608,137
3651,3738632,131
3652,3739656,141
3653,3740680,135
3654,3741704,131
3655,3742728,135
3656,3743752,131
3657,3744776,144
3658,3745800,130
3659,3746824,130
3660,3747848,133
3661,3748872,125
3662,3749896,124
3663,3750920,126
3664,3751944,124
3665,3752968,128
3666,3753992,145
3667,3755016,122
3668,3756040,155
3669,3757064,129
3670,3758088,124
3671,3759112,128
3672,3760136,131
3673,3761160,129
3674,3762184,123
3675,3763208,120
3676,3764232,119
3677,3765256,119
3678,3766280,127
3679,3767304,139
3680,3768328,132
3681,3769352,135
3682,3770376,121
3683,3771400,125
3684,3772424,128
3685,3773448,124
3686,3774472,130
3687,3775496,131
3688,3776520,122
3689,3777544,134
3690,3778568,128
3691,3779592,121
3692,3780616,128
3693,3781640,133
3694,3782664,121
3695,3783688,117
3696,3784712,127
3697,3785736,129
3698,3786760,133
3699,3787784,126
3700,3788808,120
3701,3789832,125
3702,3790856,123
3703,3791880,122
3704,3792904,126
3705,3793928,132
3706,3794952,124
3707,3795976,125
3708,3797000,127
3709,3798024,128
3710,3799048,117
3711,3800072,132
3712,3801096,122
3713,3802120,132
3714,3803144,128
3715,3804168,122
3716,3805192,121
3717,3806216,122
3718,3807240,129
3719,3808264,144
3720,3809288,130
3721,3810312,122
3722,3811336,130
3723,3812360,118
3724,3813384,128
3725,3814408,130
3726,3815432,133
3727,3816456,139
3728,3817480,124
3729,3818504,131
3730,3819528,125
3731,3820552,117
3732,3821576,177
3733,3822600,132
3734,3823624,124
3735,3824648,138
3736,3825672,123
3737,3826696,124
3738,3827720,120
3739,3828744,130
3740,3829768,135
3741,3830792,117
3742,3831816,135
3743,3832840,135
3744,3833864,123
3745,3834888,130
3746,3835912,123
3747,3836936,134
3748,3837960,134
3749,3838984,127
3750,3840008,132
3751,3841032,144
3752,3842056,128
3753,3843080,123
3754,3844104,133
3755,3845128,136
3756,3846152,139
3757,3847176,129
3758,3848200,134
3759,3849224,131
3760,3850248,131
3761,3851272,136
3762,3852296,141
3763,3853320,127
3764,3854344,138
3765,3855368,133
3766,3856392,129
3767,3857416,130
3768,3858440,134
3769,3859464,130
3770,3860488,132
3771,3861512,124
3772,3862536,127
3773,3863560,124
3774,3864584,128
3775,3865608,128
3776,3866632,137
3777,3867656,146
3778,3868680,131
3779,3869704,118
3780,3870728,130
3781,3871752,135
3782,3872776,127
3783,3873800,132
3784,3874824,120
3785,3875848,126
3786,3876872,133
3787,3877896,136
3788,3878920,128
3789,3879944,123
3790,3880968,134
3791,3881992,131
3792,3883016,135
3793,3884040,125
3794,3885064,133
3795,3886088,129
3796,3887112,122
3797,3888136,116
3798,3889160,130
3799,3890184,123
3800,3891208,132
3801,3892232,128
3802,3893256,133
3803,3894280,130
3804,3895304,139
3805,3896328,130
3806,3897352,141
3807,3898376,135
3808,3899400,134
3809,3900424,125
3810,3901448,123
3811,3902472,147
3812,3903496,155
3813,3904520,121
3814,3905544,119
3815,3906568,121
3816,3907592,119
3817,3908616,118
3818,3909640,127
3819,3910664,133
3820,3911688,125
3821,3912712,119
3822,3913736,138
3823,3914760,123
3824,3915784,128
3825,3916808,124
3826,3917832,125
3827,3918856,125
3828,3919880,134
3829,3920904,123
3830,3921928,122
3831,3922952,124
3832,3923976,123
3833,3925000,139
3834,3926024,131
3835,3927048,134
3836,3928072,126
3837,3929096,130
3838,3930120,130
3839,3931144,126
3840,3932168,132
3841,3933192,120
3842,3934216,131
3843,3935240,123
3844,3936264,127
3845,3937288,122
3846,3938312,122
3847,3939336,140
3848,3940360,133
3849,3941384,133
3850,3942408,130
3851,3943432,126
3852,3944456,123
3853,3945480,119
3854,3946504,128
3855,3947528,131
3856,3948552,129
3857,3949576,124
3858,3950600,120
3859,3951624,129
3860,3952648,122
3861,3953672,133
3862,3954696,123
3863,3955720,121
3864,3956744,125
3865,3957768,124
3866,3958792,120
3867,3959816,118
3868,3960840,122
3869,3961864,128
3870,3962888,123
3871,3963912,119
3872,3964936,119
3873,3965960,132
3874,3966984,126
3875,3968008,121
3876,3969032,120
3877,3970056,127
3878,3971080,132
3879,3972104,123
3880,3973128,126
3881,3974152,128
3882,3975176,120
3883,3976200,121
3884,3977224,122
3885,3978248,121
3886,3979272,120
3887,3980296,130
3888,3981320,134
3889,3982344,132
3890,3983368,178
3891,3984392,130
3892,3985416,128
3893,3986440,123
3894,3987464,125
3895,3988488,127
3896,3989512,131
3897,3990536,130
3898,3991560,124
3899,3992584,125
3900,3993608,122
3901,3994632,119
3902,3995656,127
3903,3996680,137
3904,3997704,127
3905,3998728,125
3906,3999752,127
3907,4000776,121
3908,4001800,121
3909,4002824,124
3910,4003848,120
3911,4004872,124
3912,4005896,126
3913,4006920,127
3914,4007944,130
3915,4008968,131
3916,4009992,124
3917,4011016,135
3918,4012040,138
3919,4013064,128
3920,4014088,127
3921,4015112,126
3922,4016136,123
3923,4017160,127
3924,4018184,131
3925,4019208,127
3926,4020232,134
3927,4021256,139
3928,4022280,130
3929,4023304,137
3930,4024328,127
3931,4025352,129
3932,4026376,140
3933,4027400,130
3934,4028424,136
3935,4029448,131
3936,4030472,123
3937,4031496,129
3938,4032520,126
3939,4033544,125
3940,4034568,127
3941,4035592,139
3942,4036616,131
3943,4037640,135
3944,4038664,132
3945,4039688,132
3946,4040712,159
3947,4041736,133
3948,4042760,128
3949,4043784,134
3950,4044808,133
3951,4045832,134
3952,4046856,134
3953,4047880,140
3954,4048904,134
3955,4049928,135
3956,4050952,140
3957,4051976,126
3958,4053000,141
3959,4054024,160
3960,4055048,143
3961,4056072,177
3962,4057096,130
3963,4058120,138
3964,4059144,138
3965,4060168,138
3966,4061192,132
3967,4062216,132
3968,4063240,137
3969,4064264,134
3970,4065288,130
3971,4066312,147
3972,4067336,139
3973,4068360,133
3974,4069384,133
3975,4070408,132
3976,4071432,130
3977,4072456,133
3978,4073480,132
3979,4074504,137
3980,4075528,138
3981,4076552,127
3982,4077576,141
3983,4078600,141
3984,4079624,132
3985,4080648,132
3986,4081672,143
3987,4082696,138
3988,4083720,145
3989,4084744,140
3990,4085768,131
3991,4086792,138
3992,4087816,137
3993,4088840,142
3994,4089864,149
3995,4090888,136
3996,4091912,138
3997,4092936,132
3998,4093960,135
3999,4094984,132
4000,4096008,134
4001,4097032,159
4002,4098056,137
4003,4099080,137
4004,4100104,136
4005,4101128,131
4006,4102152,140
4007,4103176,138
4008,4104200,131
4009,4105224,132
4010,4106248,131
4011,4107272,139
4012,4108296,137
4013,4109320,143
4014,4110344,128
4015,4111368,134
4016,4112392,136
4017,4113416,126
4018,4114440,138
4019,4115464,135
4020,4116488,131
4021,4117512,133
4022,4118536,135
4023,4119560,145
4024,4120584,140
4025,4121608,138
4026,4122632,141
4027,4123656,139
4028,4124680,137
4029,4125704,133
4030,4126728,132
4031,4127752,142
4032,4128776,136
4033,4129800,134
4034,4130824,132
4035,4131848,138
4036,4132872,130
4037,4133896,136
4038,4134920,139
4039,4135944,138
4040,4136968,140
4041,4137992,144
4042,4139016,162
4043,4140040,156
4044,4141064,138
4045,4142088,148
4046,4143112,172
4047,4144136,144
4048,4145160,141
4049,4146184,151
4050,4147208,143
4051,4148232,147
4052,4149256,146
4053,4150280,142
4054,4151304,142
4055,4152328,137
4056,4153352,145
4057,4154376,150
4058,4155400,141
4059,4156424,135
4060,4157448,138
4061,4158472,140
4062,4159496,140
4063,4160520,139
4064,4161544,139
4065,4162568,136
4066,4163592,137
4067,4164616,142
4068,4165640,142
4069,4166664,146
4070,4167688,132
4071,4168712,143
4072,4169736,143
4073,4170760,141
4074,4171784,142
4075,4172808,151
4076,4173832,147
4077,4174856,134
4078,4175880,140
4079,4176904,131
4080,4177928,133
4081,4178952,145
4082,4179976,141
4083,4181000,140
4084,4182024,133
4085,4183048,142
4086,4184072,139
4087,4185096,142
4088,4186120,132
4089,4187144,140
4090,4188168,137
4091,4189192,134
4092,4190216,133
4093,4191240,150
4094,4192264,140
4095,4193288,133
4096,4194312,139
4097,4195336,148
4098,4196360,133
4099,4197384,189
4100,4198408,160
4101,4199432,132
4102,4200456,148
4103,4201480,149
4104,4202504,144
4105,4203528,133
4106,4204552,139
4107,4205576,141
4108,4206600,143
4109,4207624,143
4110,4208648,147
4111,4209672,137
4112,4210696,154
4113,4211720,145
4114,4212744,150
4115,4213768,138
4116,4214792,132
4117,4215816,131
4118,4216840,135
4119,4217864,140
4120,4218888,129
4121,4219912,128
4122,4220936,124
4123,4221960,130
4124,4222984,132
4125,4224008,144
4126,4225032,146
4127,4226056,173
4128,4227080,129
4129,4228104,130
4130,4229128,132
4131,4230152,131
4132,4231176,129
4133,4232200,127
4134,4233224,130
4135,4234248,130
4136,4235272,134
4137,4236296,132
4138,4237320,131
4139,4238344,131
4140,4239368,139
4141,4240392,131
4142,4241416,133
4143,4242440,147
4144,4243464,135
4145,4244488,143
4146,4245512,137
4147,4246536,136
4148,4247560,135
4149,4248584,140
4150,4249608,139
4151,4250632,137
4152,4251656,136
4153,4252680,137
4154,4253704,140
4155,4254728,140
4156,4255752,144
4157,4256776,135
4158,4257800,138
4159,4258824,133
4160,4259848,133
4161,4260872,137
4162,4261896,138
4163,4262920,134
4164,4263944,133
4165,4264968,132
4166,4265992,155
4167,4267016,145
4168,4268040,132
4169,4269064,134
4170,4270088,136
4171,4271112,137
4172,4272136,152
4173,4273160,141
4174,4274184,136
4175,4275208,140
4176,4276232,141
4177,4277256,134
4178,4278280,147
4179,4279304,137
4180,4280328,133
4181,4281352,132
4182,4282376,131
4183,4283400,138
4184,4284424,3140
4185,4285448,133
4186,4286472,136
4187,4287496,143
4188,4288520,138
4189,4289544,151
4190,4290568,133
4191,4291592,177
4192,4292616,135
4193,4293640,137
4194,4294664,141
4195,4295688,132
4196,4296712,133
4197,4297736,173
4198,4298760,227
4199,4299784,141
4200,4300808,141
4201,4301832,149
4202,4302856,145
4203,4303880,145
4204,4304904,154
4205,4305928,161
4206,4306952,278
4207,4307976,144
4208,4309000,138
4209,4310024,160
4210,4311048,137
4211,4312072,143
4212,4313096,156
4213,4314120,154
4214,4315144,134
4215,4316168,200
4216,4317192,137
4217,4318216,139
4218,4319240,137
4219,4320264,137
4220,4321288,133
4221,4322312,143
4222,4323336,137
4223,4324360,224
4224,4325384,135
4225,4326408,147
4226,4327432,199
4227,4328456,154
4228,4329480,136
4229,4330504,137
4230,4331528,142
4231,4332552,137
4232,4333576,132
4233,4334600,136
4234,4335624,144
4235,4336648,138
4236,4337672,137
4237,4338696,135
4238,4339720,132
4239,4340744,133
4240,4341768,127
4241,4342792,131
4242,4343816,123
4243,4344840,129
4244,4345864,128
4245,4346888,135
4246,4347912,136
4247,4348936,138
4248,4349960,1957
4249,4350984,135
4250,4352008,132
4251,4353032,125
4252,4354056,125
4253,4355080,144
4254,4356104,123
4255,4357128,127
4256,4358152,122
4257,4359176,214
4258,4360200,123
4259,4361224,128
4260,4362248,143
4261,4363272,138
4262,4364296,165
4263,4365320,148
4264,4366344,134
4265,4367368,137
4266,4368392,193
4267,4369416,127
4268,4370440,129
4269,4371464,138
4270,4372488,123
4271,4373512,127
4272,4374536,122
4273,4375560,124
4274,4376584,134
4275,4377608,219
4276,4378632,130
4277,4379656,127
4278,4380680,129
4279,4381704,125
4280,4382728,120
4281,4383752,134
4282,4384776,123
4283,4385800,171
4284,4386824,169
4285,4387848,128
4286,4388872,128
4287,4389896,126
4288,4390920,125
4289,4391944,128
4290,4392968,131
4291,4393992,214
4292,4395016,133
4293,4396040,144
4294,4397064,152
4295,4398088,139
4296,4399112,147
4297,4400136,130
4298,4401160,126
4299,4402184,124
4300,4403208,129
4301,4404232,136
4302,4405256,137
4303,4406280,132
4304,4407304,236
4305,4408328,139
4306,4409352,133
4307,4410376,129
4308,4411400,140
4309,4412424,128
4310,4413448,130
4311,4414472,215
4312,4415496,195
4313,4416520,170
4314,4417544,144
4315,4418568,135
4316,4419592,157
4317,4420616,138
4318,4421640,136
4319,4422664,144
4320,4423688,216
4321,4424712,177
4322,4425736,133
4323,4426760,142
4324,4427784,136
4325,4428808,136
4326,4429832,142
4327,4430856,134
4328,4431880,129
4329,4432904,145
4330,4433928,141
4331,4434952,162
4332,4435976,140
4333,4437000,164
4334,4438024,129
4335,4439048,137
4336,4440072,134
4337,4441096,124
4338,4442120,122
4339,4443144,133
4340,4444168,122
4341,4445192,128
4342,4446216,126
4343,4447240,125
4344,4448264,135
4345,4449288,122
4346,4450312,128
4347,4451336,127
4348,4452360,127
4349,4453384,132
4350,4454408,123
4351,4455432,121
4352,4456456,129
4353,4457480,129
4354,4458504,127
4355,4459528,129
4356,4460552,126
4357,4461576,127
4358,4462600,126
4359,4463624,127
4360,4464648,132
4361,4465672,122
4362,4466696,125
4363,4467720,124
4364,4468744,129
4365,4469768,127
4366,4470792,132
4367,4471816,145
4368,4472840,151
4369,4473864,144
4370,4474888,147
4371,4475912,133
4372,4476936,140
4373,4477960,142
4374,4478984,141
4375,4480008,132
4376,4481032,129
4377,4482056,136
4378,4483080,126
4379,4484104,143
4380,4485128,133
4381,4486152,134
4382,4487176,130
4383,4488200,138
4384,4489224,145
4385,4490248,139
4386,4491272,146
4387,4492296,137
4388,4493320,147
4389,4494344,142
4390,4495368,129
4391,4496392,144
4392,4497416,141
4393,4498440,128
4394,4499464,142
4395,4500488,125
4396,4501512,129
4397,4502536,132
4398,4503560,142
4399,4504584,148
4400,4505608,137
4401,4506632,128
4402,4507656,126
4403,4508680,131
4404,4509704,152
4405,4510728,128
4406,4511752,126
4407,4512776,132
4408,4513800,145
4409,4514824,149
4410,4515848,134
4411,4516872,128
4412,4517896,134
4413,4518920,131
4414,4519944,144
4415,4520968,131
4416,4521992,124
4417,4523016,128
4418,4524040,135
4419,4525064,134
4420,4526088,141
4421,4527112,130
4422,4528136,138
4423,4529160,135
4424,4530184,143
4425,4531208,147
4426,4532232,148
4427,4533256,142
4428,4534280,139
4429,4535304,133
4430,4536328,135
4431,4537352,132
4432,4538376,151
4433,4539400,146
4434,4540424,147
4435,4541448,129
4436,4542472,137
4437,4543496,137
4438,4544520,152
4439,4545544,144
4440,4546568,137
4441,4547592,146
4442,4548616,139
4443,4549640,145
4444,4550664,133
4445,4551688,141
4446,4552712,129
4447,4553736,139
4448,4554760,145
4449,4555784,143
4450,4556808,134
4451,4557832,138
4452,4558856,156
4453,4559880,140
4454,4560904,129
4455,4561928,139
4456,4562952,138
4457,4563976,139
4458,4565000,144
4459,4566024,144
4460,4567048,142
4461,4568072,150
4462,4569096,145
4463,4570120,139
4464,4571144,134
4465,4572168,140
4466,4573192,134
4467,4574216,141
4468,4575240,140
4469,4576264,130
4470,4577288,137
4471,4578312,131
4472,4579336,141
4473,4580360,140
4474,4581384,207
4475,4582408,147
4476,4583432,153
4477,4584456,141
4478,4585480,145
4479,4586504,139
4480,4587528,150
4481,4588552,133
4482,4589576,134
4483,4590600,136
4484,4591624,136
4485,4592648,130
4486,4593672,135
4487,4594696,140
4488,4595720,129
4489,4596744,131
4490,4597768,134
4491,4598792,141
4492,4599816,137
4493,4600840,131
4494,4601864,144
4495,4602888,155
4496,4603912,132
4497,4604936,140
4498,4605960,145
4499,4606984,142
4500,4608008,139
4501,4609032,157
4502,4610056,139
4503,4611080,141
4504,4612104,129
4505,4613128,127
4506,4614152,126
4507,4615176,139
4508,4616200,128
4509,4617224,132
4510,4618248,132
4511,4619272,127
4512,4620296,134
4513,4621320,131
4514,4622344,127
4515,4623368,131
4516,4624392,130
4517,4625416,125
4518,4626440,126
4519,4627464,147
4520,4628488,133
4521,4629512,133
4522,4630536,129
4523,4631560,126
4524,4632584,124
4525,4633608,128
4526,4634632,132
4527,4635656,133
4528,4636680,128
4529,4637704,132
4530,4638728,135
4531,4639752,130
4532,4640776,132
4533,4641800,132
4534,4642824,135
4535,4643848,152
4536,4644872,128
4537,4645896,132
4538,4646920,127
4539,4647944,128
4540,4648968,133
4541,4649992,128
4542,4651016,123
4543,4652040,136
4544,4653064,140
4545,4654088,143
4546,4655112,129
4547,4656136,133
4548,4657160,136
4549,4658184,142
4550,4659208,143
4551,4660232,136
4552,4661256,131
4553,4662280,141
4554,4663304,155
4555,4664328,142
4556,4665352,137
4557,4666376,142
4558,4667400,129
4559,4668424,134
4560,4669448,139
4561,4670472,139
4562,4671496,130
4563,4672520,142
4564,4673544,134
4565,4674568,134
4566,4675592,135
4567,4676616,138
4568,4677640,148
4569,4678664,137
4570,4679688,132
4571,4680712,129
4572,4681736,138
4573,4682760,130
4574,4683784,135
4575,4684808,136
4576,4685832,132
4577,4686856,137
4578,4687880,138
4579,4688904,132
4580,4689928,132
4581,4690952,137
4582,4691976,136
4583,4693000,130
4584,4694024,133
4585,4695048,133
4586,4696072,136
4587,4697096,133
4588,4698120,132
4589,4699144,136
4590,4700168,132
4591,4701192,128
4592,4702216,137
4593,4703240,130
4594,4704264,134
4595,4705288,138
4596,4706312,140
4597,4707336,143
4598,4708360,138
4599,4709384,147
4600,4710408,134
4601,4711432,144
4602,4712456,138
4603,4713480,139
4604,4714504,141
4605,4715528,137
4606,4716552,133
4607,4717576,128
4608,4718600,135
4609,4719624,129
4610,4720648,139
4611,4721672,138
4612,4722696,139
4613,4723720,130
4614,4724744,137
4615,4725768,131
4616,4726792,130
4617,4727816,139
4618,4728840,134
4619,4729864,133
4620,4730888,138
4621,4731912,142
4622,4732936,139
4623,4733960,130
4624,4734984,132
4625,4736008,133
4626,4737032,148
4627,4738056,131
4628,4739080,127
4629,4740104,133
4630,4741128,134
4631,4742152,142
4632,4743176,140
4633,4744200,145
4634,4745224,143
4635,4746248,134
4636,4747272,146
4637,4748296,141
4638,4749320,138
4639,4750344,146
4640,4751368,143
4641,4752392,136
4642,4753416,138
4643,4754440,142
4644,4755464,150
4645,4756488,152
4646,4757512,147
4647,4758536,157
4648,4759560,163
4649,4760584,143
4650,4761608,180
4651,4762632,155
4652,4763656,154
4653,4764680,178
4654,4765704,136
4655,4766728,134
4656,4767752,137
4657,4768776,133
4658,4769800,144
4659,4770824,141
4660,4771848,142
4661,4772872,133
4662,4773896,145
4663,4774920,144
4664,4775944,148
4665,4776968,139
4666,4777992,140
4667,4779016,134
4668,4780040,135
4669,4781064,139
4670,4782088,134
4671,4783112,158
4672,4784136,143
4673,4785160,144
4674,4786184,140
4675,4787208,134
4676,4788232,141
4677,4789256,140
4678,4790280,139
4679,4791304,142
4680,4792328,140
4681,4793352,130
4682,4794376,145
4683,4795400,142
4684,4796424,130
4685,4797448,131
4686,4798472,136
4687,4799496,131
4688,4800520,130
4689,4801544,129
4690,4802568,140
4691,4803592,141
4692,4804616,140
4693,4805640,136
4694,4806664,138
4695,4807688,137
4696,4808712,141
4697,4809736,149
4698,4810760,133
4699,4811784,143
4700,4812808,141
4701,4813832,150
4702,4814856,145
4703,4815880,132
4704,4816904,139
4705,4817928,134
4706,4818952,136
4707,4819976,150
4708,4821000,145
4709,4822024,140
4710,4823048,142
4711,4824072,136
4712,4825096,145
4713,4826120,136
4714,4827144,146
4715,4828168,140
4716,4829192,145
4717,4830216,142
4718,4831240,134
4719,4832264,150
4720,4833288,160
4721,4834312,152
4722,4835336,137
4723,4836360,137
4724,4837384,136
4725,4838408,130
4726,4839432,137
4727,4840456,138
4728,4841480,134
4729,4842504,136
4730,4843528,134
4731,4844552,136
4732,4845576,136
4733,4846600,133
4734,4847624,131
4735,4848648,144
4736,4849672,136
4737,4850696,140
4738,4851720,136
4739,4852744,133
4740,4853768,132
4741,4854792,139
4742,4855816,137
4743,4856840,140
4744,4857864,139
4745,4858888,139
4746,4859912,132
4747,4860936,143
4748,4861960,141
4749,4862984,130
4750,4864008,137
4751,4865032,135
4752,4866056,131
4753,4867080,141
4754,4868104,130
4755,4869128,153
4756,4870152,135
4757,4871176,136
4758,4872200,134
4759,4873224,131
4760,4874248,131
4761,4875272,132
4762,4876296,134
4763,4877320,134
4764,4878344,138
4765,4879368,137
4766,4880392,136
4767,4881416,141
4768,4882440,139
4769,4883464,133
4770,4884488,131
4771,4885512,139
4772,4886536,134
4773,4887560,137
4774,4888584,137
4775,4889608,134
4776,4890632,154
4777,4891656,139
4778,4892680,137
4779,4893704,141
4780,4894728,144
4781,4895752,131
4782,4896776,134
4783,4897800,137
4784,4898824,134
4785,4899848,145
4786,4900872,132
4787,4901896,133
4788,4902920,132
4789,4903944,140
4790,4904968,128
4791,4905992,137
4792,4907016,139
4793,4908040,143
4794,4909064,132
4795,4910088,138
4796,4911112,137
4797,4912136,136
4798,4913160,137
4799,4914184,144
4800,4915208,150
4801,4916232,137
4802,4917256,138
4803,4918280,133
4804,4919304,139
4805,4920328,145
4806,4921352,138
4807,4922376,145
4808,4923400,149
4809,4924424,131
4810,4925448,139
4811,4926472,135
4812,4927496,130
4813,4928520,141
4814,4929544,138
4815,4930568,145
4816,4931592,135
4817,4932616,140
4818,4933640,136
4819,4934664,134
4820,4935688,149
4821,4936712,193
4822,4937736,159
4823,4938760,149
4824,4939784,171
4825,4940808,159
4826,4941832,135
4827,4942856,144
4828,4943880,143
4829,4944904,134
4830,4945928,129
4831,4946952,133
4832,4947976,161
4833,4949000,143
4834,4950024,143
4835,4951048,170
4836,4952072,165
4837,4953096,141
4838,4954120,146
4839,4955144,157
4840,4956168,140
4841,4957192,157
4842,4958216,132
4843,4959240,134
4844,4960264,134
4845,4961288,137
4846,4962312,140
4847,4963336,132
4848,4964360,142
4849,4965384,140
4850,4966408,139
4851,4967432,148
4852,4968456,131
4853,4969480,135
4854,4970504,129
4855,4971528,136
4856,4972552,142
4857,4973576,152
4858,4974600,144
4859,4975624,152
4860,4976648,145
4861,4977672,146
4862,4978696,152
4863,4979720,171
4864,4980744,156
4865,4981768,139
4866,4982792,141
4867,4983816,142
4868,4984840,134
4869,4985864,140
4870,4986888,139
4871,4987912,142
4872,4988936,141
4873,4989960,138
4874,4990984,144
4875,4992008,134
4876,4993032,132
4877,4994056,148
4878,4995080,141
4879,4996104,137
4880,4997128,140
4881,4998152,153
4882,4999176,135
4883,5000200,134
4884,5001224,145
4885,5002248,152
4886,5003272,172
4887,5004296,140
4888,5005320,133
4889,5006344,143
4890,5007368,133
4891,5008392,133
4892,5009416,136
4893,5010440,130
4894,5011464,135
4895,5012488,142
4896,5013512,142
4897,5014536,138
4898,5015560,143
4899,5016584,129
4900,5017608,144
4901,5018632,142
4902,5019656,138
4903,5020680,147
4904,5021704,137
4905,5022728,138
4906,5023752,136
4907,5024776,142
4908,5025800,136
4909,5026824,138
4910,5027848,146
4911,5028872,134
4912,5029896,146
4913,5030920,159
4914,5031944,139
4915,5032968,137
4916,5033992,137
4917,5035016,134
4918,5036040,135
4919,5037064,133
4920,5038088,136
4921,5039112,140
4922,5040136,133
4923,5041160,133
4924,5042184,142
4925,5043208,150
4926,5044232,150
4927,5045256,143
4928,5046280,145
4929,5047304,135
4930,5048328,137
4931,5049352,134
4932,5050376,132
4933,5051400,137
4934,5052424,137
4935,5053448,143
4936,5054472,132
4937,5055496,135
4938,5056520,137
4939,5057544,133
4940,5058568,146
4941,5059592,137
4942,5060616,141
4943,5061640,138
4944,5062664,136
4945,5063688,155
4946,5064712,139
4947,5065736,151
4948,5066760,142
4949,5067784,144
4950,5068808,160
4951,5069832,171
4952,5070856,168
4953,5071880,143
4954,5072904,137
4955,5073928,161
4956,5074952,148
4957,5075976,139
4958,5077000,161
4959,5078024,146
4960,5079048,138
4961,5080072,141
4962,5081096,148
4963,5082120,137
4964,5083144,133
4965,5084168,144
4966,5085192,138
4967,5086216,134
4968,5087240,134
4969,5088264,147
4970,5089288,144
4971,5090312,137
4972,5091336,135
4973,5092360,150
4974,5093384,150
4975,5094408,145
4976,5095432,141
4977,5096456,137
4978,5097480,138
4979,5098504,145
4980,5099528,143
4981,5100552,140
4982,5101576,167
4983,5102600,297
4984,5103624,290
4985,5104648,271
4986,5105672,233
4987,5106696,200
4988,5107720,210
4989,5108744,250
4990,5109768,217
4991,5110792,211
4992,5111816,193
4993,5112840,142
4994,5113864,152
4995,5114888,149
4996,5115912,140
4997,5116936,138
4998,5117960,136
4999,5118984,145
